user_id,feature,used_at
655,Get Paid Early,2025-04-27
26,Round Up,2025-01-11
251,Auto Save,2025-03-14
143,Get Paid Early,2025-02-16
693,Get Paid Early,2025-01-23
605,Overdraft Alerts,2024-09-24
33,Get Paid Early,2024-10-16
96,Auto Save,2025-03-27
239,Get Paid Early,2024-09-09
575,Auto Save,2025-02-21
734,Overdraft Alerts,2025-05-12
226,Overdraft Alerts,2025-07-26
604,Round Up,2025-04-06
829,Get Paid Early,2024-11-02
778,Auto Save,2025-05-22
715,Overdraft Alerts,2025-01-01
349,Round Up,2025-02-26
160,Auto Save,2025-03-01
981,Round Up,2024-12-14
105,Get Paid Early,2025-04-06
390,Get Paid Early,2025-06-07
368,Round Up,2025-03-13
619,Round Up,2024-12-25
827,Get Paid Early,2025-05-15
748,Overdraft Alerts,2024-09-11
550,Get Paid Early,2025-02-18
997,Overdraft Alerts,2024-12-11
81,Round Up,2025-06-29
850,Round Up,2025-03-05
592,Auto Save,2025-01-15
722,Get Paid Early,2025-01-25
47,Auto Save,2025-01-26
792,Round Up,2025-03-13
82,Auto Save,2025-03-04
888,Get Paid Early,2024-08-11
390,Round Up,2024-08-14
465,Round Up,2025-03-29
167,Round Up,2025-05-02
364,Auto Save,2024-09-19
687,Round Up,2024-11-08
719,Get Paid Early,2024-10-04
624,Auto Save,2025-01-20
547,Auto Save,2024-11-05
168,Overdraft Alerts,2025-07-12
389,Round Up,2024-10-05
948,Auto Save,2025-03-03
702,Round Up,2024-08-23
864,Get Paid Early,2024-12-07
235,Get Paid Early,2025-03-03
825,Round Up,2025-02-28
411,Round Up,2025-05-15
68,Auto Save,2024-10-26
936,Round Up,2025-03-30
218,Overdraft Alerts,2024-09-04
406,Overdraft Alerts,2024-08-21
147,Round Up,2024-09-24
143,Auto Save,2025-07-06
763,Round Up,2025-01-11
765,Overdraft Alerts,2025-06-02
920,Overdraft Alerts,2025-05-06
371,Auto Save,2025-06-15
142,Overdraft Alerts,2025-01-31
94,Get Paid Early,2025-03-10
882,Get Paid Early,2025-01-09
157,Auto Save,2025-02-01
812,Overdraft Alerts,2024-11-24
611,Get Paid Early,2025-07-28
395,Overdraft Alerts,2025-06-21
611,Overdraft Alerts,2025-03-12
542,Round Up,2025-03-18
995,Get Paid Early,2025-03-05
697,Get Paid Early,2025-05-20
699,Round Up,2024-12-19
788,Round Up,2024-10-20
115,Round Up,2025-06-30
446,Auto Save,2024-09-04
465,Get Paid Early,2025-05-16
977,Round Up,2024-11-16
996,Auto Save,2024-10-13
520,Get Paid Early,2025-05-03
892,Round Up,2025-07-30
862,Auto Save,2024-11-10
157,Round Up,2024-10-03
781,Auto Save,2024-12-09
553,Get Paid Early,2025-03-18
614,Round Up,2024-11-27
501,Get Paid Early,2024-09-27
115,Round Up,2025-02-05
900,Round Up,2025-02-21
246,Get Paid Early,2024-12-01
247,Get Paid Early,2025-02-01
88,Overdraft Alerts,2025-02-26
836,Get Paid Early,2025-01-01
779,Auto Save,2025-04-09
132,Overdraft Alerts,2025-03-06
970,Auto Save,2025-06-08
272,Overdraft Alerts,2025-05-02
988,Auto Save,2025-02-11
952,Auto Save,2025-07-18
731,Round Up,2025-04-18
409,Round Up,2025-05-30
449,Overdraft Alerts,2025-05-18
124,Auto Save,2024-09-16
231,Get Paid Early,2025-06-07
347,Get Paid Early,2025-05-09
603,Auto Save,2024-09-27
603,Auto Save,2025-02-24
8,Get Paid Early,2024-12-17
725,Get Paid Early,2024-10-04
235,Get Paid Early,2025-05-02
928,Get Paid Early,2025-07-06
881,Round Up,2025-01-18
73,Auto Save,2025-04-24
286,Overdraft Alerts,2024-11-13
220,Auto Save,2024-11-13
741,Overdraft Alerts,2025-05-17
249,Overdraft Alerts,2025-04-21
827,Overdraft Alerts,2025-07-02
195,Get Paid Early,2025-01-19
100,Overdraft Alerts,2024-08-21
363,Overdraft Alerts,2025-07-21
421,Overdraft Alerts,2024-08-09
885,Get Paid Early,2024-12-12
690,Get Paid Early,2024-11-22
63,Overdraft Alerts,2025-06-09
746,Round Up,2024-08-07
820,Get Paid Early,2025-04-06
255,Auto Save,2025-06-26
195,Overdraft Alerts,2025-02-14
144,Overdraft Alerts,2025-05-09
188,Round Up,2025-04-05
474,Auto Save,2025-01-04
896,Get Paid Early,2025-01-07
454,Get Paid Early,2025-01-10
52,Get Paid Early,2024-09-14
993,Get Paid Early,2025-01-12
949,Auto Save,2025-03-21
171,Overdraft Alerts,2025-06-08
498,Overdraft Alerts,2025-02-05
219,Overdraft Alerts,2025-04-16
925,Get Paid Early,2024-08-31
169,Overdraft Alerts,2025-04-20
3,Overdraft Alerts,2024-08-22
272,Overdraft Alerts,2024-10-14
293,Overdraft Alerts,2025-05-01
714,Overdraft Alerts,2025-02-04
159,Auto Save,2025-05-31
304,Auto Save,2025-02-25
992,Get Paid Early,2025-02-06
594,Get Paid Early,2025-07-30
766,Round Up,2024-12-14
59,Get Paid Early,2025-03-18
599,Overdraft Alerts,2025-04-03
515,Auto Save,2025-08-02
59,Get Paid Early,2025-07-16
872,Auto Save,2025-04-17
71,Get Paid Early,2025-02-22
692,Auto Save,2025-06-26
414,Get Paid Early,2024-08-16
965,Auto Save,2025-05-17
593,Get Paid Early,2025-05-14
635,Get Paid Early,2025-06-20
430,Round Up,2025-03-08
958,Round Up,2025-06-30
210,Round Up,2024-08-26
245,Round Up,2024-10-04
406,Auto Save,2025-02-16
688,Round Up,2025-07-26
469,Round Up,2024-11-06
952,Get Paid Early,2025-03-03
10,Overdraft Alerts,2024-12-19
637,Get Paid Early,2025-07-23
76,Auto Save,2024-08-22
519,Round Up,2025-06-12
136,Round Up,2024-08-21
903,Get Paid Early,2025-05-25
901,Auto Save,2025-01-10
379,Round Up,2024-09-07
162,Overdraft Alerts,2025-05-13
854,Round Up,2024-11-10
627,Get Paid Early,2025-06-15
684,Round Up,2024-12-09
955,Get Paid Early,2024-08-23
962,Auto Save,2025-06-18
271,Get Paid Early,2024-09-29
912,Get Paid Early,2025-07-22
761,Auto Save,2024-10-12
279,Round Up,2025-07-05
620,Auto Save,2024-12-18
735,Round Up,2025-06-21
209,Round Up,2025-03-13
518,Overdraft Alerts,2024-08-23
258,Get Paid Early,2024-11-12
95,Overdraft Alerts,2024-11-02
850,Round Up,2024-08-13
46,Get Paid Early,2024-08-14
342,Auto Save,2024-12-31
653,Round Up,2025-07-10
166,Overdraft Alerts,2025-01-26
565,Overdraft Alerts,2025-04-15
575,Get Paid Early,2025-04-30
115,Get Paid Early,2025-05-11
968,Auto Save,2025-03-14
559,Get Paid Early,2024-10-26
855,Round Up,2025-04-24
597,Auto Save,2024-11-27
441,Auto Save,2025-01-07
43,Round Up,2025-04-07
374,Get Paid Early,2025-04-13
921,Round Up,2025-06-05
216,Auto Save,2025-03-14
683,Get Paid Early,2024-08-24
363,Overdraft Alerts,2024-12-08
998,Auto Save,2024-12-24
948,Auto Save,2024-11-30
886,Auto Save,2025-07-06
1000,Auto Save,2025-01-24
903,Overdraft Alerts,2024-10-10
26,Auto Save,2025-02-16
755,Round Up,2024-10-11
802,Overdraft Alerts,2024-10-25
822,Auto Save,2025-02-02
274,Auto Save,2024-08-07
807,Get Paid Early,2025-06-14
392,Get Paid Early,2025-02-20
880,Overdraft Alerts,2025-04-11
228,Auto Save,2025-03-27
837,Overdraft Alerts,2025-04-26
359,Round Up,2025-06-08
841,Auto Save,2025-01-08
229,Get Paid Early,2025-03-31
676,Auto Save,2024-12-29
409,Round Up,2025-04-27
286,Get Paid Early,2024-09-21
991,Round Up,2025-05-18
360,Overdraft Alerts,2025-01-26
696,Round Up,2025-03-31
962,Get Paid Early,2025-02-24
119,Round Up,2024-12-03
183,Round Up,2025-01-07
40,Get Paid Early,2025-06-08
611,Overdraft Alerts,2024-10-29
354,Round Up,2025-05-11
447,Get Paid Early,2024-09-05
395,Auto Save,2024-11-21
261,Get Paid Early,2024-09-23
726,Overdraft Alerts,2025-02-19
2,Auto Save,2025-05-28
373,Overdraft Alerts,2024-12-28
72,Round Up,2024-12-09
639,Round Up,2025-02-23
680,Get Paid Early,2025-02-02
738,Round Up,2025-05-21
520,Round Up,2025-06-20
683,Overdraft Alerts,2024-08-12
335,Overdraft Alerts,2025-06-20
714,Round Up,2024-09-04
568,Auto Save,2024-12-07
197,Overdraft Alerts,2025-03-26
681,Overdraft Alerts,2024-10-12
694,Auto Save,2024-09-12
631,Round Up,2025-01-12
416,Get Paid Early,2025-05-12
312,Round Up,2025-01-26
216,Overdraft Alerts,2025-06-27
805,Round Up,2025-07-28
477,Overdraft Alerts,2025-02-28
453,Auto Save,2024-12-14
524,Overdraft Alerts,2025-06-28
813,Auto Save,2024-08-14
675,Get Paid Early,2024-08-26
291,Round Up,2024-12-19
96,Auto Save,2025-01-23
689,Round Up,2025-04-27
231,Auto Save,2024-08-24
151,Get Paid Early,2025-06-19
48,Auto Save,2025-07-11
487,Get Paid Early,2025-01-22
467,Overdraft Alerts,2025-03-26
908,Auto Save,2024-09-02
736,Overdraft Alerts,2025-07-09
507,Overdraft Alerts,2024-10-18
250,Auto Save,2024-11-26
672,Get Paid Early,2024-09-30
915,Get Paid Early,2024-10-31
798,Overdraft Alerts,2025-04-08
225,Auto Save,2025-07-18
824,Overdraft Alerts,2025-05-11
52,Auto Save,2025-03-17
940,Get Paid Early,2024-10-15
468,Auto Save,2025-07-15
821,Overdraft Alerts,2025-03-11
684,Round Up,2025-03-21
973,Overdraft Alerts,2025-04-08
628,Overdraft Alerts,2025-05-17
851,Overdraft Alerts,2024-09-02
919,Auto Save,2025-06-08
762,Overdraft Alerts,2025-06-12
461,Round Up,2025-05-25
770,Auto Save,2024-11-28
861,Round Up,2024-10-12
785,Overdraft Alerts,2025-05-05
642,Auto Save,2025-02-28
282,Overdraft Alerts,2025-03-03
80,Round Up,2024-12-11
241,Round Up,2024-12-02
344,Round Up,2024-10-27
915,Get Paid Early,2024-10-03
142,Auto Save,2024-12-01
237,Overdraft Alerts,2024-12-18
711,Auto Save,2024-10-14
724,Auto Save,2024-08-26
66,Overdraft Alerts,2024-10-18
418,Round Up,2024-09-22
556,Overdraft Alerts,2025-06-07
426,Get Paid Early,2024-11-27
212,Overdraft Alerts,2024-10-07
399,Get Paid Early,2025-07-03
878,Overdraft Alerts,2024-08-29
489,Get Paid Early,2024-09-02
966,Round Up,2025-08-03
306,Overdraft Alerts,2024-12-28
874,Overdraft Alerts,2024-12-13
552,Auto Save,2024-12-26
500,Auto Save,2024-10-30
280,Overdraft Alerts,2025-07-21
498,Get Paid Early,2024-11-14
399,Round Up,2025-05-07
685,Overdraft Alerts,2024-10-28
742,Auto Save,2024-09-15
861,Overdraft Alerts,2025-02-08
942,Auto Save,2024-09-14
638,Get Paid Early,2025-07-04
929,Overdraft Alerts,2025-02-08
607,Get Paid Early,2024-09-14
86,Overdraft Alerts,2024-11-08
139,Overdraft Alerts,2024-11-07
187,Get Paid Early,2025-02-04
267,Overdraft Alerts,2024-10-22
336,Auto Save,2025-03-04
466,Round Up,2025-01-07
346,Overdraft Alerts,2024-11-06
285,Overdraft Alerts,2025-02-08
259,Get Paid Early,2024-08-18
482,Get Paid Early,2025-04-19
768,Get Paid Early,2025-05-19
975,Round Up,2025-05-29
230,Get Paid Early,2025-01-10
800,Get Paid Early,2024-08-23
773,Get Paid Early,2025-07-28
973,Auto Save,2024-09-17
205,Get Paid Early,2025-03-19
637,Auto Save,2025-01-12
245,Auto Save,2025-01-18
485,Get Paid Early,2025-03-23
578,Auto Save,2025-07-23
477,Round Up,2024-09-21
786,Round Up,2024-09-25
172,Get Paid Early,2025-03-03
797,Auto Save,2025-04-17
988,Round Up,2025-05-12
111,Get Paid Early,2025-02-18
952,Round Up,2024-10-13
590,Overdraft Alerts,2025-05-10
407,Auto Save,2025-06-27
78,Auto Save,2024-08-11
105,Round Up,2025-05-19
871,Get Paid Early,2024-10-15
816,Get Paid Early,2024-11-02
356,Overdraft Alerts,2025-04-05
678,Round Up,2024-12-27
71,Round Up,2025-05-28
13,Overdraft Alerts,2024-08-21
843,Overdraft Alerts,2025-04-27
109,Overdraft Alerts,2024-10-02
984,Round Up,2024-11-02
651,Overdraft Alerts,2025-05-13
725,Auto Save,2025-02-24
446,Auto Save,2025-07-28
752,Round Up,2025-03-02
631,Overdraft Alerts,2024-08-20
477,Overdraft Alerts,2025-01-02
846,Round Up,2025-01-23
331,Auto Save,2024-10-06
851,Get Paid Early,2025-06-26
286,Overdraft Alerts,2025-01-01
250,Overdraft Alerts,2024-09-15
584,Overdraft Alerts,2025-05-07
345,Get Paid Early,2024-12-08
507,Round Up,2024-10-29
187,Overdraft Alerts,2024-11-09
218,Round Up,2025-07-09
817,Round Up,2025-07-26
349,Round Up,2025-04-04
902,Round Up,2024-09-08
570,Get Paid Early,2024-09-20
530,Auto Save,2025-05-09
88,Auto Save,2025-07-19
738,Overdraft Alerts,2024-10-07
501,Auto Save,2025-01-14
708,Overdraft Alerts,2025-06-16
662,Overdraft Alerts,2025-08-01
459,Get Paid Early,2025-04-03
96,Round Up,2025-07-09
227,Overdraft Alerts,2025-06-21
709,Auto Save,2024-08-12
314,Round Up,2024-12-03
485,Round Up,2024-08-22
436,Round Up,2024-12-17
361,Overdraft Alerts,2025-03-27
278,Round Up,2025-06-20
258,Auto Save,2025-06-08
124,Auto Save,2025-01-03
324,Get Paid Early,2024-08-05
761,Auto Save,2025-07-28
197,Auto Save,2024-12-27
757,Overdraft Alerts,2024-11-10
284,Round Up,2025-08-05
103,Auto Save,2024-08-14
304,Auto Save,2025-04-18
370,Auto Save,2025-08-01
310,Get Paid Early,2025-02-10
726,Auto Save,2024-11-03
281,Get Paid Early,2024-09-05
998,Get Paid Early,2025-06-02
567,Round Up,2025-04-06
715,Auto Save,2025-01-16
654,Overdraft Alerts,2025-07-19
106,Get Paid Early,2024-08-30
588,Round Up,2024-11-26
481,Overdraft Alerts,2025-06-02
452,Round Up,2025-02-12
189,Get Paid Early,2025-05-05
259,Overdraft Alerts,2025-05-14
117,Get Paid Early,2024-12-15
411,Overdraft Alerts,2025-05-30
76,Get Paid Early,2025-01-27
156,Auto Save,2025-01-08
831,Round Up,2025-02-28
88,Auto Save,2025-03-31
122,Overdraft Alerts,2024-12-01
621,Auto Save,2024-10-26
795,Overdraft Alerts,2025-07-29
462,Overdraft Alerts,2025-05-30
305,Overdraft Alerts,2024-11-18
313,Get Paid Early,2025-04-18
625,Get Paid Early,2025-06-20
971,Auto Save,2025-07-02
641,Auto Save,2025-04-01
271,Get Paid Early,2024-11-01
161,Auto Save,2024-11-27
178,Get Paid Early,2024-10-04
161,Get Paid Early,2025-04-20
419,Overdraft Alerts,2024-11-27
706,Overdraft Alerts,2024-10-19
299,Get Paid Early,2025-07-02
238,Round Up,2024-11-01
724,Round Up,2024-12-21
720,Overdraft Alerts,2025-03-21
73,Auto Save,2025-06-18
947,Round Up,2025-04-11
807,Auto Save,2024-08-11
436,Get Paid Early,2025-05-15
558,Auto Save,2025-03-08
664,Auto Save,2025-04-18
931,Round Up,2024-10-13
847,Auto Save,2025-03-22
74,Get Paid Early,2025-07-01
170,Round Up,2025-02-17
610,Round Up,2024-11-09
450,Get Paid Early,2025-02-09
480,Round Up,2024-12-03
717,Overdraft Alerts,2025-03-17
966,Round Up,2025-07-17
513,Overdraft Alerts,2025-05-30
449,Get Paid Early,2024-10-16
613,Get Paid Early,2025-04-29
911,Overdraft Alerts,2024-12-22
753,Round Up,2024-08-30
619,Round Up,2024-09-06
27,Get Paid Early,2024-10-16
235,Get Paid Early,2025-01-28
784,Round Up,2024-09-28
591,Get Paid Early,2024-12-27
782,Auto Save,2025-06-12
482,Overdraft Alerts,2024-11-04
939,Round Up,2024-08-27
186,Overdraft Alerts,2025-04-14
651,Overdraft Alerts,2024-10-22
993,Get Paid Early,2025-04-19
482,Round Up,2025-01-06
419,Round Up,2025-01-08
329,Get Paid Early,2024-11-17
879,Auto Save,2025-06-25
338,Overdraft Alerts,2025-04-30
711,Overdraft Alerts,2025-03-04
296,Overdraft Alerts,2024-08-14
834,Get Paid Early,2025-01-09
466,Get Paid Early,2025-01-09
323,Round Up,2025-06-13
332,Get Paid Early,2025-07-31
994,Overdraft Alerts,2024-11-22
886,Get Paid Early,2025-07-14
674,Overdraft Alerts,2024-08-25
424,Get Paid Early,2024-10-02
193,Round Up,2025-07-02
638,Overdraft Alerts,2025-03-13
641,Overdraft Alerts,2024-11-26
779,Get Paid Early,2025-04-15
209,Round Up,2024-11-20
563,Auto Save,2025-07-24
950,Round Up,2025-04-23
449,Overdraft Alerts,2025-01-15
125,Get Paid Early,2024-11-12
997,Auto Save,2024-08-20
727,Auto Save,2025-02-13
319,Get Paid Early,2025-03-27
566,Overdraft Alerts,2024-11-23
96,Auto Save,2024-11-01
862,Get Paid Early,2024-10-28
473,Get Paid Early,2024-08-09
664,Auto Save,2025-01-03
511,Round Up,2024-09-07
522,Round Up,2025-03-26
426,Overdraft Alerts,2025-05-01
484,Auto Save,2025-07-29
468,Auto Save,2024-10-28
393,Auto Save,2025-06-22
944,Auto Save,2025-01-15
885,Get Paid Early,2025-04-22
283,Overdraft Alerts,2025-01-24
349,Round Up,2025-04-22
841,Get Paid Early,2024-11-16
290,Round Up,2025-08-02
858,Overdraft Alerts,2024-09-30
887,Auto Save,2025-02-26
458,Overdraft Alerts,2025-04-21
354,Round Up,2024-09-23
566,Overdraft Alerts,2025-05-27
467,Round Up,2024-08-27
891,Auto Save,2024-12-16
715,Auto Save,2025-06-26
586,Overdraft Alerts,2024-08-17
240,Overdraft Alerts,2025-03-10
45,Round Up,2025-02-14
763,Overdraft Alerts,2025-05-22
723,Overdraft Alerts,2025-03-11
396,Auto Save,2024-12-14
508,Get Paid Early,2024-09-07
130,Round Up,2025-02-12
891,Get Paid Early,2024-12-29
896,Overdraft Alerts,2025-01-15
103,Overdraft Alerts,2024-10-16
16,Auto Save,2025-06-08
420,Auto Save,2025-03-25
77,Overdraft Alerts,2025-05-25
801,Round Up,2025-05-05
347,Overdraft Alerts,2025-02-20
666,Get Paid Early,2025-05-18
873,Round Up,2025-05-01
873,Overdraft Alerts,2025-06-11
978,Round Up,2024-09-19
642,Overdraft Alerts,2024-09-05
894,Get Paid Early,2025-04-13
633,Get Paid Early,2025-07-25
241,Round Up,2025-07-16
233,Get Paid Early,2025-05-03
445,Get Paid Early,2025-06-23
779,Get Paid Early,2024-12-11
455,Auto Save,2024-10-06
711,Round Up,2024-11-11
926,Get Paid Early,2025-02-15
48,Round Up,2025-06-20
816,Get Paid Early,2024-09-26
301,Round Up,2024-12-15
384,Overdraft Alerts,2024-11-10
150,Auto Save,2025-06-26
544,Overdraft Alerts,2024-11-11
580,Auto Save,2024-08-08
175,Auto Save,2025-04-30
81,Overdraft Alerts,2024-11-30
635,Auto Save,2024-12-16
510,Auto Save,2024-08-07
238,Overdraft Alerts,2025-04-03
654,Round Up,2025-02-25
471,Round Up,2025-01-04
683,Get Paid Early,2024-10-22
921,Overdraft Alerts,2024-12-07
923,Round Up,2025-02-27
694,Auto Save,2024-08-11
76,Overdraft Alerts,2025-01-12
968,Round Up,2024-09-05
602,Round Up,2024-11-30
655,Overdraft Alerts,2025-06-06
707,Round Up,2024-10-20
468,Round Up,2025-02-08
204,Overdraft Alerts,2024-10-29
874,Overdraft Alerts,2024-12-04
110,Auto Save,2024-09-24
391,Round Up,2025-03-07
589,Round Up,2024-12-14
717,Round Up,2024-10-23
23,Overdraft Alerts,2025-04-08
282,Get Paid Early,2024-10-01
580,Get Paid Early,2024-10-20
933,Overdraft Alerts,2025-01-28
853,Round Up,2025-04-07
795,Auto Save,2025-01-30
622,Round Up,2025-02-17
225,Auto Save,2024-09-17
636,Round Up,2025-05-15
695,Auto Save,2025-02-09
644,Get Paid Early,2025-02-04
926,Get Paid Early,2024-09-07
317,Overdraft Alerts,2025-06-15
35,Round Up,2024-12-21
750,Auto Save,2025-02-14
93,Round Up,2025-04-16
335,Overdraft Alerts,2024-08-14
180,Auto Save,2024-11-09
136,Round Up,2024-10-22
544,Round Up,2024-09-01
851,Auto Save,2025-01-02
264,Overdraft Alerts,2024-10-14
991,Round Up,2025-06-16
765,Round Up,2024-10-01
824,Get Paid Early,2024-11-28
480,Get Paid Early,2024-08-25
145,Auto Save,2025-07-02
881,Overdraft Alerts,2025-02-15
991,Round Up,2025-01-12
93,Overdraft Alerts,2025-04-26
15,Round Up,2025-06-25
550,Get Paid Early,2025-05-18
466,Round Up,2025-06-20
689,Round Up,2025-02-18
599,Overdraft Alerts,2025-06-11
843,Round Up,2024-09-22
111,Auto Save,2025-01-31
483,Get Paid Early,2025-07-01
635,Round Up,2025-07-16
938,Auto Save,2025-03-23
664,Get Paid Early,2025-03-21
651,Overdraft Alerts,2025-07-25
932,Round Up,2025-07-13
665,Overdraft Alerts,2025-02-25
120,Auto Save,2024-11-20
47,Get Paid Early,2024-09-13
312,Overdraft Alerts,2025-04-02
119,Get Paid Early,2025-04-26
241,Auto Save,2025-07-08
398,Overdraft Alerts,2024-08-28
380,Overdraft Alerts,2025-01-25
602,Auto Save,2025-06-07
907,Overdraft Alerts,2024-12-26
671,Get Paid Early,2024-08-18
854,Overdraft Alerts,2025-01-20
631,Overdraft Alerts,2025-01-31
962,Round Up,2024-12-13
34,Round Up,2025-05-22
223,Overdraft Alerts,2025-07-19
456,Auto Save,2025-03-27
876,Round Up,2025-03-29
102,Round Up,2024-08-22
558,Round Up,2024-11-25
63,Overdraft Alerts,2024-11-22
283,Auto Save,2024-12-19
992,Get Paid Early,2024-10-19
972,Overdraft Alerts,2024-11-13
94,Auto Save,2024-10-22
658,Get Paid Early,2025-01-04
52,Round Up,2025-04-05
250,Auto Save,2025-04-30
806,Auto Save,2024-08-22
71,Auto Save,2025-02-04
601,Auto Save,2024-08-31
833,Auto Save,2025-05-11
337,Auto Save,2025-06-12
808,Get Paid Early,2025-04-07
284,Auto Save,2024-08-14
134,Round Up,2024-09-28
818,Auto Save,2024-09-12
113,Get Paid Early,2024-09-24
135,Get Paid Early,2025-06-03
367,Auto Save,2024-10-04
603,Round Up,2025-05-02
17,Auto Save,2025-03-19
272,Get Paid Early,2025-06-06
130,Overdraft Alerts,2025-07-19
539,Get Paid Early,2025-04-20
764,Get Paid Early,2024-08-16
488,Overdraft Alerts,2024-08-12
797,Round Up,2025-03-01
526,Get Paid Early,2025-01-20
463,Auto Save,2025-06-07
969,Get Paid Early,2025-05-08
745,Round Up,2025-05-26
470,Get Paid Early,2025-05-13
63,Overdraft Alerts,2024-09-07
868,Overdraft Alerts,2025-02-28
437,Get Paid Early,2024-12-09
503,Overdraft Alerts,2025-01-31
76,Get Paid Early,2024-10-20
330,Auto Save,2024-09-27
68,Auto Save,2024-11-17
282,Round Up,2025-01-13
391,Round Up,2025-03-18
465,Overdraft Alerts,2024-10-22
102,Get Paid Early,2024-11-14
874,Auto Save,2024-12-10
441,Overdraft Alerts,2024-11-21
910,Auto Save,2024-08-26
424,Round Up,2025-06-16
848,Overdraft Alerts,2024-10-29
409,Overdraft Alerts,2025-05-12
748,Get Paid Early,2024-10-28
321,Overdraft Alerts,2024-11-07
321,Round Up,2025-07-03
384,Auto Save,2025-01-18
704,Overdraft Alerts,2024-09-11
69,Get Paid Early,2025-02-28
852,Get Paid Early,2024-09-28
96,Overdraft Alerts,2025-04-05
99,Round Up,2024-12-04
832,Auto Save,2025-01-19
570,Get Paid Early,2025-01-20
601,Round Up,2025-07-23
687,Get Paid Early,2025-05-26
421,Round Up,2024-08-22
895,Overdraft Alerts,2025-02-08
889,Get Paid Early,2025-05-03
992,Round Up,2024-09-14
615,Round Up,2024-10-21
361,Get Paid Early,2025-07-24
592,Auto Save,2024-09-20
159,Overdraft Alerts,2024-08-10
230,Get Paid Early,2024-11-02
359,Round Up,2025-05-24
118,Round Up,2025-01-22
588,Auto Save,2024-08-10
827,Overdraft Alerts,2025-04-17
866,Get Paid Early,2025-06-10
624,Round Up,2024-12-05
30,Auto Save,2025-05-27
280,Round Up,2024-11-18
944,Round Up,2025-01-07
360,Get Paid Early,2024-09-11
186,Auto Save,2025-02-05
580,Overdraft Alerts,2024-08-23
72,Auto Save,2025-06-26
759,Get Paid Early,2025-04-16
94,Auto Save,2025-02-21
386,Overdraft Alerts,2025-05-31
465,Round Up,2025-05-27
162,Round Up,2025-05-02
320,Round Up,2025-01-06
796,Get Paid Early,2025-01-24
905,Get Paid Early,2025-06-12
160,Auto Save,2024-10-22
773,Get Paid Early,2024-08-26
691,Get Paid Early,2025-05-28
279,Overdraft Alerts,2025-03-19
678,Overdraft Alerts,2025-07-10
498,Overdraft Alerts,2025-03-05
425,Round Up,2025-03-23
221,Get Paid Early,2025-01-17
354,Overdraft Alerts,2025-03-10
114,Round Up,2025-03-24
695,Overdraft Alerts,2024-10-07
540,Round Up,2025-07-02
47,Auto Save,2024-12-13
405,Get Paid Early,2024-11-20
8,Auto Save,2025-06-30
309,Auto Save,2024-10-29
786,Auto Save,2025-05-10
783,Round Up,2024-09-11
297,Round Up,2025-06-12
123,Get Paid Early,2024-09-28
510,Overdraft Alerts,2024-11-30
180,Auto Save,2024-09-19
390,Auto Save,2025-01-16
513,Round Up,2025-03-29
74,Overdraft Alerts,2025-08-03
883,Get Paid Early,2025-05-10
447,Get Paid Early,2024-12-22
471,Get Paid Early,2024-12-12
883,Round Up,2025-01-16
590,Overdraft Alerts,2025-06-21
588,Overdraft Alerts,2025-04-04
727,Overdraft Alerts,2025-02-14
297,Get Paid Early,2025-01-22
415,Get Paid Early,2025-04-23
990,Round Up,2024-11-09
176,Overdraft Alerts,2024-12-03
852,Round Up,2024-08-23
91,Overdraft Alerts,2025-06-11
865,Get Paid Early,2025-01-26
250,Overdraft Alerts,2024-08-23
604,Overdraft Alerts,2025-01-08
537,Get Paid Early,2025-02-07
406,Round Up,2025-06-19
764,Round Up,2025-06-19
227,Round Up,2025-06-14
798,Auto Save,2025-03-09
79,Get Paid Early,2025-04-21
544,Auto Save,2025-06-05
928,Round Up,2024-12-24
360,Auto Save,2024-09-12
242,Get Paid Early,2024-11-14
150,Round Up,2025-02-06
203,Auto Save,2024-10-21
617,Auto Save,2025-04-22
779,Get Paid Early,2024-12-21
182,Overdraft Alerts,2024-09-26
476,Overdraft Alerts,2025-01-01
698,Round Up,2025-02-27
885,Round Up,2025-05-27
155,Overdraft Alerts,2025-01-24
70,Overdraft Alerts,2025-03-09
453,Round Up,2025-01-08
816,Round Up,2025-01-15
606,Get Paid Early,2025-01-08
361,Get Paid Early,2024-09-10
318,Overdraft Alerts,2025-01-29
463,Get Paid Early,2025-07-08
59,Round Up,2025-02-26
852,Round Up,2025-01-17
79,Get Paid Early,2025-04-03
630,Overdraft Alerts,2025-06-02
474,Get Paid Early,2025-05-05
461,Auto Save,2025-05-02
330,Overdraft Alerts,2025-06-17
514,Auto Save,2025-06-21
981,Get Paid Early,2025-02-27
462,Get Paid Early,2025-05-11
831,Round Up,2024-08-10
732,Get Paid Early,2025-05-20
517,Auto Save,2024-12-28
41,Auto Save,2025-07-28
725,Overdraft Alerts,2025-02-19
450,Auto Save,2025-02-04
373,Round Up,2025-06-14
940,Round Up,2025-04-12
397,Overdraft Alerts,2024-08-16
794,Round Up,2024-09-24
696,Get Paid Early,2024-10-18
809,Round Up,2024-10-07
68,Round Up,2024-12-01
97,Overdraft Alerts,2024-09-13
291,Round Up,2024-10-29
742,Auto Save,2024-09-23
342,Get Paid Early,2025-06-10
597,Auto Save,2025-07-23
939,Round Up,2025-07-24
318,Overdraft Alerts,2024-09-23
133,Get Paid Early,2025-04-20
318,Overdraft Alerts,2024-09-16
659,Round Up,2025-01-25
833,Auto Save,2024-08-31
687,Get Paid Early,2025-06-11
662,Overdraft Alerts,2025-02-06
521,Round Up,2024-09-17
19,Round Up,2025-07-16
317,Auto Save,2024-09-08
974,Auto Save,2025-07-25
350,Overdraft Alerts,2024-11-10
197,Auto Save,2025-07-11
141,Auto Save,2024-12-18
80,Round Up,2025-02-11
865,Get Paid Early,2025-03-28
520,Get Paid Early,2025-07-12
678,Round Up,2024-11-09
898,Auto Save,2024-11-22
612,Overdraft Alerts,2024-09-12
158,Auto Save,2025-06-02
186,Auto Save,2025-03-20
739,Overdraft Alerts,2024-09-26
45,Overdraft Alerts,2024-11-01
374,Auto Save,2024-11-06
993,Overdraft Alerts,2025-07-02
626,Round Up,2025-03-21
771,Overdraft Alerts,2024-12-16
240,Auto Save,2024-10-24
317,Overdraft Alerts,2025-02-04
926,Auto Save,2025-06-07
377,Overdraft Alerts,2025-03-12
473,Round Up,2025-07-29
797,Overdraft Alerts,2025-02-20
515,Overdraft Alerts,2024-10-16
990,Auto Save,2024-12-14
837,Auto Save,2024-11-16
821,Auto Save,2024-10-17
894,Round Up,2025-07-07
54,Overdraft Alerts,2024-10-13
896,Round Up,2025-02-02
568,Get Paid Early,2025-05-13
729,Get Paid Early,2025-07-07
292,Get Paid Early,2025-03-18
782,Auto Save,2024-12-31
280,Overdraft Alerts,2025-08-03
928,Auto Save,2025-07-12
851,Overdraft Alerts,2025-03-31
94,Auto Save,2025-06-12
837,Overdraft Alerts,2024-10-30
906,Round Up,2025-02-09
953,Get Paid Early,2025-02-08
425,Get Paid Early,2024-11-06
406,Round Up,2024-09-29
242,Overdraft Alerts,2024-09-06
84,Round Up,2025-01-18
230,Get Paid Early,2025-05-19
327,Get Paid Early,2024-11-01
860,Round Up,2024-09-04
811,Auto Save,2025-04-04
141,Get Paid Early,2025-01-06
294,Overdraft Alerts,2025-07-21
713,Auto Save,2024-08-06
778,Overdraft Alerts,2024-08-18
460,Get Paid Early,2024-08-23
928,Get Paid Early,2024-11-13
20,Round Up,2025-04-07
221,Auto Save,2024-09-03
562,Overdraft Alerts,2025-03-29
114,Round Up,2024-08-05
244,Round Up,2025-05-31
125,Get Paid Early,2024-12-21
245,Overdraft Alerts,2025-03-18
655,Overdraft Alerts,2025-02-14
65,Get Paid Early,2025-06-04
857,Overdraft Alerts,2024-11-05
612,Get Paid Early,2025-05-28
648,Auto Save,2025-05-26
736,Auto Save,2024-12-21
299,Overdraft Alerts,2025-04-27
2,Round Up,2024-08-14
247,Overdraft Alerts,2025-07-17
192,Get Paid Early,2025-04-27
537,Round Up,2025-05-07
70,Get Paid Early,2025-04-24
400,Overdraft Alerts,2025-07-22
45,Overdraft Alerts,2025-03-20
383,Round Up,2025-05-25
766,Get Paid Early,2025-01-02
366,Get Paid Early,2025-06-19
354,Auto Save,2024-09-12
751,Get Paid Early,2025-03-20
791,Round Up,2024-12-10
137,Get Paid Early,2024-09-09
361,Round Up,2025-01-13
834,Auto Save,2025-03-12
851,Overdraft Alerts,2025-07-06
713,Overdraft Alerts,2025-04-24
647,Auto Save,2025-03-12
831,Auto Save,2024-11-15
65,Overdraft Alerts,2025-07-14
38,Round Up,2025-06-19
207,Get Paid Early,2025-06-10
811,Auto Save,2024-09-12
908,Get Paid Early,2024-08-14
324,Round Up,2025-02-23
528,Overdraft Alerts,2025-07-23
835,Overdraft Alerts,2025-08-05
260,Get Paid Early,2024-10-26
772,Auto Save,2025-04-08
293,Round Up,2025-05-12
883,Get Paid Early,2024-08-24
887,Round Up,2025-07-01
280,Get Paid Early,2024-10-21
819,Round Up,2024-12-19
448,Overdraft Alerts,2025-07-20
762,Overdraft Alerts,2024-12-14
917,Overdraft Alerts,2025-06-11
348,Auto Save,2025-03-11
509,Overdraft Alerts,2025-02-15
377,Round Up,2025-03-22
821,Get Paid Early,2025-03-07
745,Overdraft Alerts,2025-01-22
81,Overdraft Alerts,2024-10-14
617,Auto Save,2025-05-15
559,Round Up,2025-06-15
329,Get Paid Early,2024-11-10
82,Round Up,2025-03-27
677,Round Up,2025-01-26
314,Overdraft Alerts,2025-04-03
618,Overdraft Alerts,2024-10-17
171,Overdraft Alerts,2025-04-08
360,Overdraft Alerts,2025-01-11
44,Round Up,2024-09-14
630,Overdraft Alerts,2024-12-01
282,Get Paid Early,2025-02-20
77,Overdraft Alerts,2025-06-09
373,Auto Save,2024-08-19
976,Get Paid Early,2024-10-05
147,Overdraft Alerts,2025-06-16
36,Auto Save,2024-11-19
69,Auto Save,2024-12-11
798,Round Up,2025-01-03
371,Overdraft Alerts,2025-04-15
973,Get Paid Early,2024-08-17
620,Auto Save,2025-04-13
696,Overdraft Alerts,2025-07-03
972,Round Up,2025-03-06
381,Overdraft Alerts,2025-01-04
782,Get Paid Early,2025-07-03
588,Auto Save,2025-04-23
543,Round Up,2025-05-10
408,Round Up,2025-02-16
666,Round Up,2024-12-20
256,Get Paid Early,2025-07-02
27,Auto Save,2025-07-10
512,Overdraft Alerts,2025-04-03
936,Get Paid Early,2024-10-17
269,Round Up,2025-02-16
721,Overdraft Alerts,2024-08-06
220,Round Up,2025-02-25
711,Overdraft Alerts,2025-07-17
205,Get Paid Early,2024-10-26
139,Get Paid Early,2024-12-21
463,Auto Save,2025-02-02
921,Overdraft Alerts,2024-12-21
90,Round Up,2025-03-21
684,Round Up,2025-08-04
727,Get Paid Early,2025-01-03
564,Round Up,2025-01-02
913,Round Up,2025-04-27
872,Auto Save,2025-04-11
729,Auto Save,2025-01-24
813,Round Up,2025-06-19
521,Auto Save,2024-09-23
125,Auto Save,2025-07-29
812,Auto Save,2025-05-01
243,Overdraft Alerts,2025-03-17
27,Round Up,2024-09-03
568,Round Up,2025-01-23
479,Auto Save,2025-07-26
627,Get Paid Early,2025-06-21
68,Round Up,2025-06-07
408,Overdraft Alerts,2025-06-21
539,Overdraft Alerts,2025-03-20
788,Overdraft Alerts,2025-04-28
844,Get Paid Early,2024-08-26
129,Round Up,2025-02-07
658,Get Paid Early,2024-08-07
461,Overdraft Alerts,2024-09-25
697,Round Up,2025-01-02
132,Auto Save,2025-06-15
787,Auto Save,2024-12-01
444,Get Paid Early,2024-11-29
852,Get Paid Early,2024-08-06
531,Auto Save,2024-12-03
312,Auto Save,2024-11-18
166,Round Up,2024-09-27
958,Auto Save,2024-09-30
355,Round Up,2024-08-31
867,Get Paid Early,2024-08-31
257,Auto Save,2025-04-12
651,Round Up,2025-07-09
129,Round Up,2025-02-27
630,Get Paid Early,2025-07-14
515,Auto Save,2024-12-23
607,Auto Save,2025-03-06
176,Round Up,2024-12-08
863,Get Paid Early,2025-05-28
846,Get Paid Early,2024-12-19
84,Get Paid Early,2024-09-04
972,Round Up,2024-11-27
667,Auto Save,2025-03-13
786,Overdraft Alerts,2024-12-11
633,Get Paid Early,2025-04-10
510,Round Up,2024-09-01
658,Round Up,2025-03-14
495,Auto Save,2025-03-10
825,Overdraft Alerts,2025-06-11
305,Overdraft Alerts,2024-09-13
75,Get Paid Early,2024-11-05
162,Overdraft Alerts,2025-03-28
426,Overdraft Alerts,2024-10-22
476,Auto Save,2025-03-15
349,Auto Save,2024-08-05
321,Round Up,2024-11-13
752,Round Up,2024-09-14
999,Overdraft Alerts,2025-07-31
134,Round Up,2025-04-21
528,Get Paid Early,2025-03-28
327,Auto Save,2025-07-24
478,Get Paid Early,2024-09-01
274,Overdraft Alerts,2025-03-16
254,Auto Save,2025-06-20
100,Get Paid Early,2025-01-28
298,Overdraft Alerts,2025-04-15
885,Overdraft Alerts,2025-06-22
255,Auto Save,2025-07-06
834,Round Up,2025-07-16
957,Round Up,2025-07-21
195,Auto Save,2025-05-20
511,Overdraft Alerts,2025-01-16
511,Round Up,2024-11-08
510,Get Paid Early,2024-08-28
93,Overdraft Alerts,2025-07-17
518,Overdraft Alerts,2025-04-07
990,Auto Save,2025-03-12
221,Round Up,2025-03-03
50,Get Paid Early,2024-12-05
289,Overdraft Alerts,2024-10-23
612,Overdraft Alerts,2024-10-09
293,Get Paid Early,2025-06-13
868,Get Paid Early,2025-07-12
442,Auto Save,2024-09-09
904,Round Up,2024-12-13
745,Round Up,2025-05-01
783,Overdraft Alerts,2025-06-25
375,Get Paid Early,2025-07-02
411,Get Paid Early,2025-01-16
584,Auto Save,2025-08-01
372,Round Up,2024-12-14
76,Overdraft Alerts,2024-12-28
517,Overdraft Alerts,2024-11-28
783,Round Up,2025-01-09
846,Get Paid Early,2025-01-26
132,Get Paid Early,2025-07-09
404,Round Up,2025-05-15
814,Round Up,2025-07-17
572,Round Up,2025-03-25
774,Auto Save,2024-09-15
204,Overdraft Alerts,2024-10-18
513,Get Paid Early,2025-03-24
47,Get Paid Early,2025-03-09
141,Round Up,2025-02-08
824,Overdraft Alerts,2024-08-10
532,Overdraft Alerts,2024-10-21
153,Auto Save,2024-09-24
336,Round Up,2025-04-10
167,Overdraft Alerts,2024-11-07
632,Round Up,2025-03-27
608,Round Up,2025-03-03
520,Overdraft Alerts,2025-04-21
726,Round Up,2025-03-22
487,Get Paid Early,2024-12-24
378,Round Up,2025-01-10
690,Get Paid Early,2024-11-20
427,Round Up,2025-06-16
816,Get Paid Early,2024-12-30
612,Overdraft Alerts,2025-02-25
272,Auto Save,2025-01-02
739,Get Paid Early,2025-01-21
598,Overdraft Alerts,2025-06-06
175,Overdraft Alerts,2025-01-15
152,Auto Save,2024-09-03
33,Get Paid Early,2024-10-30
196,Get Paid Early,2024-08-19
452,Round Up,2025-05-28
429,Auto Save,2025-03-24
423,Auto Save,2024-09-14
421,Overdraft Alerts,2024-11-23
894,Get Paid Early,2025-05-02
723,Auto Save,2024-09-10
532,Auto Save,2024-09-20
575,Round Up,2024-11-24
679,Overdraft Alerts,2025-02-23
539,Overdraft Alerts,2024-12-21
322,Auto Save,2024-12-28
471,Round Up,2024-08-26
560,Round Up,2025-07-15
693,Round Up,2025-05-10
625,Overdraft Alerts,2025-06-04
197,Auto Save,2025-05-06
286,Round Up,2024-12-04
231,Round Up,2024-09-07
790,Round Up,2025-07-25
722,Auto Save,2024-08-23
707,Overdraft Alerts,2025-05-16
325,Overdraft Alerts,2025-04-01
358,Round Up,2024-09-20
295,Get Paid Early,2024-11-08
588,Overdraft Alerts,2024-09-18
918,Overdraft Alerts,2025-05-09
839,Round Up,2025-02-28
978,Auto Save,2025-03-20
298,Get Paid Early,2024-12-29
295,Get Paid Early,2025-02-27
355,Overdraft Alerts,2024-12-05
672,Round Up,2024-11-12
766,Overdraft Alerts,2025-07-01
220,Auto Save,2025-06-23
848,Round Up,2024-11-02
956,Round Up,2024-08-14
141,Get Paid Early,2025-01-17
631,Auto Save,2024-12-16
249,Get Paid Early,2025-01-26
686,Auto Save,2024-11-04
654,Auto Save,2024-10-22
54,Get Paid Early,2025-07-03
424,Round Up,2025-04-06
735,Overdraft Alerts,2025-02-24
103,Auto Save,2024-12-02
6,Auto Save,2025-04-01
417,Overdraft Alerts,2025-01-12
489,Auto Save,2025-01-10
775,Round Up,2024-12-17
329,Round Up,2025-01-30
662,Get Paid Early,2025-03-31
930,Get Paid Early,2025-01-25
668,Auto Save,2024-09-10
548,Get Paid Early,2025-06-04
936,Auto Save,2025-07-31
428,Auto Save,2024-08-08
957,Get Paid Early,2025-01-29
857,Overdraft Alerts,2025-01-09
807,Overdraft Alerts,2025-02-22
191,Round Up,2025-03-11
898,Get Paid Early,2024-10-30
10,Round Up,2024-12-26
582,Get Paid Early,2024-11-03
951,Round Up,2024-11-18
292,Overdraft Alerts,2024-12-30
657,Overdraft Alerts,2024-09-24
911,Auto Save,2024-09-16
872,Overdraft Alerts,2024-08-12
280,Auto Save,2024-10-29
829,Get Paid Early,2025-03-10
339,Auto Save,2025-05-16
749,Overdraft Alerts,2025-01-23
664,Round Up,2024-11-26
736,Auto Save,2025-07-12
15,Round Up,2025-02-24
810,Round Up,2024-09-26
582,Auto Save,2025-07-28
180,Overdraft Alerts,2025-05-02
847,Overdraft Alerts,2025-07-28
528,Round Up,2025-07-21
89,Overdraft Alerts,2025-02-12
686,Get Paid Early,2025-04-09
190,Auto Save,2024-09-30
489,Round Up,2025-06-25
959,Auto Save,2025-02-09
7,Round Up,2024-11-29
393,Auto Save,2025-05-12
458,Round Up,2025-07-07
977,Round Up,2025-04-13
310,Get Paid Early,2025-02-20
268,Round Up,2024-08-16
710,Auto Save,2024-12-17
64,Get Paid Early,2025-05-23
477,Round Up,2024-08-20
164,Overdraft Alerts,2025-02-10
703,Round Up,2024-10-30
707,Get Paid Early,2025-05-31
655,Round Up,2024-09-07
377,Auto Save,2025-06-07
225,Auto Save,2024-08-18
490,Auto Save,2025-03-24
466,Round Up,2024-08-07
426,Overdraft Alerts,2024-12-01
776,Auto Save,2024-12-08
781,Auto Save,2025-05-17
697,Get Paid Early,2025-03-25
539,Overdraft Alerts,2025-03-13
541,Round Up,2024-08-30
80,Get Paid Early,2025-04-16
64,Auto Save,2025-06-25
587,Auto Save,2025-02-24
169,Round Up,2024-08-15
875,Overdraft Alerts,2025-05-17
120,Auto Save,2025-02-15
735,Overdraft Alerts,2025-04-02
94,Overdraft Alerts,2025-05-16
829,Get Paid Early,2024-11-16
465,Auto Save,2024-08-31
526,Overdraft Alerts,2024-12-19
468,Get Paid Early,2025-02-10
573,Overdraft Alerts,2024-10-22
689,Round Up,2024-12-17
741,Get Paid Early,2024-09-23
406,Round Up,2024-08-27
837,Get Paid Early,2025-01-16
764,Auto Save,2025-01-16
593,Get Paid Early,2024-08-17
47,Overdraft Alerts,2024-12-27
353,Get Paid Early,2025-03-07
555,Get Paid Early,2024-09-29
958,Get Paid Early,2024-11-05
957,Overdraft Alerts,2025-01-07
33,Round Up,2025-07-17
419,Auto Save,2024-12-15
788,Auto Save,2024-12-18
785,Overdraft Alerts,2025-01-02
384,Overdraft Alerts,2024-12-08
460,Overdraft Alerts,2025-05-22
385,Get Paid Early,2025-01-13
700,Auto Save,2024-10-18
670,Round Up,2025-04-26
122,Auto Save,2024-09-22
551,Overdraft Alerts,2024-08-14
542,Auto Save,2025-05-09
746,Auto Save,2025-05-09
855,Get Paid Early,2024-11-09
775,Get Paid Early,2025-02-13
306,Overdraft Alerts,2025-03-21
690,Overdraft Alerts,2025-07-25
545,Overdraft Alerts,2024-11-09
844,Auto Save,2024-12-16
254,Overdraft Alerts,2025-07-10
355,Auto Save,2024-08-10
283,Auto Save,2025-06-23
960,Get Paid Early,2024-10-14
33,Overdraft Alerts,2025-06-23
630,Get Paid Early,2024-11-25
247,Auto Save,2025-01-11
69,Get Paid Early,2024-10-28
609,Get Paid Early,2025-07-14
458,Get Paid Early,2024-11-24
251,Get Paid Early,2025-02-14
412,Overdraft Alerts,2025-01-01
240,Auto Save,2024-12-18
773,Get Paid Early,2025-05-11
144,Round Up,2025-07-15
240,Round Up,2024-09-17
592,Round Up,2024-08-21
243,Round Up,2024-12-12
898,Auto Save,2024-09-29
677,Auto Save,2025-01-25
424,Round Up,2025-07-12
282,Get Paid Early,2025-01-17
571,Auto Save,2025-06-18
642,Overdraft Alerts,2025-03-07
570,Overdraft Alerts,2024-09-26
49,Round Up,2025-07-10
965,Overdraft Alerts,2025-07-31
805,Round Up,2025-02-04
714,Overdraft Alerts,2024-12-30
419,Auto Save,2024-11-27
308,Overdraft Alerts,2025-03-12
189,Overdraft Alerts,2025-07-30
247,Auto Save,2024-12-10
308,Auto Save,2025-03-22
826,Overdraft Alerts,2024-12-11
937,Get Paid Early,2025-04-22
576,Overdraft Alerts,2024-10-31
992,Overdraft Alerts,2025-05-21
571,Auto Save,2025-07-21
398,Auto Save,2025-03-10
262,Auto Save,2024-11-16
339,Get Paid Early,2025-07-28
945,Overdraft Alerts,2025-06-02
868,Round Up,2025-03-14
95,Auto Save,2024-09-02
53,Round Up,2025-02-04
387,Get Paid Early,2024-08-15
895,Get Paid Early,2025-03-08
193,Auto Save,2024-11-19
491,Auto Save,2025-07-10
891,Round Up,2024-08-22
311,Get Paid Early,2024-12-10
217,Auto Save,2025-03-09
986,Get Paid Early,2024-09-15
765,Overdraft Alerts,2025-02-07
937,Auto Save,2024-08-21
713,Auto Save,2025-07-26
407,Auto Save,2025-07-16
566,Round Up,2024-12-18
795,Round Up,2025-03-15
390,Overdraft Alerts,2024-09-08
547,Round Up,2025-01-05
316,Round Up,2025-05-21
369,Overdraft Alerts,2025-03-25
478,Get Paid Early,2025-06-02
823,Overdraft Alerts,2025-01-15
780,Round Up,2025-06-02
937,Auto Save,2024-11-23
380,Round Up,2025-01-07
424,Get Paid Early,2025-07-07
577,Auto Save,2024-10-15
760,Auto Save,2024-09-14
17,Round Up,2024-09-30
567,Overdraft Alerts,2025-06-07
303,Auto Save,2025-06-23
201,Round Up,2024-09-17
236,Overdraft Alerts,2025-02-26
584,Auto Save,2024-11-29
512,Round Up,2024-08-22
264,Overdraft Alerts,2024-09-14
990,Overdraft Alerts,2024-11-23
472,Auto Save,2024-10-01
751,Round Up,2024-12-26
174,Auto Save,2024-12-29
738,Overdraft Alerts,2025-03-24
189,Get Paid Early,2025-05-13
537,Get Paid Early,2024-11-08
860,Get Paid Early,2024-08-07
968,Get Paid Early,2025-03-27
783,Get Paid Early,2024-09-19
423,Auto Save,2025-01-08
863,Auto Save,2024-12-18
70,Auto Save,2024-12-15
10,Auto Save,2025-02-10
518,Overdraft Alerts,2025-03-11
383,Get Paid Early,2024-09-09
633,Overdraft Alerts,2025-04-05
676,Overdraft Alerts,2024-10-30
17,Get Paid Early,2025-06-30
545,Overdraft Alerts,2025-05-10
13,Get Paid Early,2024-10-08
543,Round Up,2025-01-26
549,Round Up,2025-07-17
18,Overdraft Alerts,2024-09-24
826,Auto Save,2025-06-19
110,Get Paid Early,2024-08-26
537,Auto Save,2025-06-14
247,Auto Save,2024-12-04
635,Round Up,2025-04-02
835,Round Up,2024-11-01
274,Overdraft Alerts,2024-09-25
81,Round Up,2024-10-30
983,Overdraft Alerts,2024-12-15
471,Auto Save,2025-04-17
714,Auto Save,2024-10-27
308,Get Paid Early,2025-03-16
670,Get Paid Early,2024-10-12
96,Overdraft Alerts,2025-07-11
389,Overdraft Alerts,2025-05-09
566,Overdraft Alerts,2024-08-16
58,Get Paid Early,2025-02-02
720,Auto Save,2024-11-15
85,Overdraft Alerts,2025-04-12
866,Overdraft Alerts,2025-01-01
661,Round Up,2024-10-04
580,Get Paid Early,2025-06-23
917,Get Paid Early,2025-03-03
236,Auto Save,2024-10-17
923,Overdraft Alerts,2025-07-16
278,Get Paid Early,2024-08-07
947,Get Paid Early,2025-07-19
701,Round Up,2024-10-10
921,Get Paid Early,2024-12-01
184,Round Up,2024-11-11
17,Auto Save,2025-03-18
602,Auto Save,2025-05-12
771,Overdraft Alerts,2024-12-17
952,Get Paid Early,2025-01-20
307,Auto Save,2024-12-03
578,Auto Save,2025-03-05
581,Overdraft Alerts,2025-05-30
694,Round Up,2024-10-22
394,Auto Save,2024-08-22
810,Get Paid Early,2024-10-04
513,Round Up,2024-09-18
55,Get Paid Early,2024-11-23
448,Auto Save,2024-08-14
859,Get Paid Early,2025-07-26
349,Overdraft Alerts,2025-06-25
993,Round Up,2025-03-12
31,Round Up,2025-04-26
803,Overdraft Alerts,2025-07-21
503,Auto Save,2024-11-20
365,Overdraft Alerts,2025-03-22
443,Auto Save,2024-08-05
697,Overdraft Alerts,2024-12-05
88,Round Up,2025-07-03
818,Auto Save,2025-02-13
731,Get Paid Early,2025-06-30
85,Round Up,2025-04-26
158,Overdraft Alerts,2024-08-31
729,Auto Save,2024-08-14
758,Overdraft Alerts,2025-07-19
325,Round Up,2025-01-20
110,Get Paid Early,2025-05-27
6,Round Up,2024-10-18
456,Round Up,2025-05-14
780,Round Up,2025-04-02
105,Auto Save,2024-10-03
90,Auto Save,2025-03-28
442,Overdraft Alerts,2025-06-04
571,Overdraft Alerts,2024-09-06
106,Get Paid Early,2024-09-16
92,Round Up,2025-01-05
568,Get Paid Early,2024-12-27
612,Round Up,2024-10-22
885,Overdraft Alerts,2025-03-24
13,Round Up,2025-01-23
424,Overdraft Alerts,2025-01-02
798,Get Paid Early,2025-01-29
743,Auto Save,2024-10-25
586,Auto Save,2024-11-25
702,Overdraft Alerts,2025-04-30
174,Auto Save,2024-11-16
276,Round Up,2025-04-13
275,Overdraft Alerts,2025-06-05
150,Get Paid Early,2024-08-12
172,Overdraft Alerts,2025-04-23
283,Overdraft Alerts,2024-09-02
307,Overdraft Alerts,2025-01-03
802,Get Paid Early,2025-05-25
370,Round Up,2025-06-22
967,Auto Save,2024-11-26
739,Overdraft Alerts,2024-10-08
609,Auto Save,2025-03-31
469,Get Paid Early,2025-05-22
139,Round Up,2025-05-08
7,Overdraft Alerts,2025-01-23
341,Overdraft Alerts,2025-05-11
824,Round Up,2024-12-25
451,Round Up,2025-07-16
441,Auto Save,2024-10-29
308,Round Up,2025-07-23
618,Auto Save,2025-05-10
491,Round Up,2025-03-02
182,Overdraft Alerts,2025-03-19
992,Round Up,2025-03-09
299,Overdraft Alerts,2025-03-17
991,Auto Save,2025-02-04
334,Overdraft Alerts,2025-02-13
288,Overdraft Alerts,2024-08-25
374,Get Paid Early,2025-03-03
955,Auto Save,2024-09-10
607,Auto Save,2024-09-07
699,Get Paid Early,2025-07-28
976,Overdraft Alerts,2024-09-29
966,Auto Save,2024-09-17
449,Round Up,2025-03-27
852,Get Paid Early,2025-05-13
839,Overdraft Alerts,2025-04-10
690,Overdraft Alerts,2024-09-09
143,Round Up,2025-06-07
248,Round Up,2025-04-08
675,Auto Save,2025-02-26
733,Overdraft Alerts,2024-11-29
809,Overdraft Alerts,2024-08-30
76,Overdraft Alerts,2024-12-26
613,Overdraft Alerts,2024-08-16
597,Overdraft Alerts,2024-11-17
548,Overdraft Alerts,2025-06-23
557,Get Paid Early,2024-09-13
810,Round Up,2025-05-15
719,Get Paid Early,2025-05-18
112,Auto Save,2024-11-14
674,Round Up,2025-07-28
171,Get Paid Early,2024-08-18
577,Overdraft Alerts,2024-09-13
991,Round Up,2024-11-24
989,Overdraft Alerts,2025-03-11
109,Get Paid Early,2025-01-14
101,Round Up,2025-03-13
228,Auto Save,2025-04-01
457,Round Up,2025-01-20
401,Overdraft Alerts,2025-05-25
791,Auto Save,2025-03-19
354,Get Paid Early,2024-12-24
495,Get Paid Early,2025-06-22
303,Overdraft Alerts,2024-12-11
943,Get Paid Early,2025-04-29
119,Auto Save,2025-06-17
357,Round Up,2024-09-14
352,Overdraft Alerts,2024-10-13
804,Auto Save,2025-01-18
534,Overdraft Alerts,2024-12-14
357,Overdraft Alerts,2025-04-20
100,Overdraft Alerts,2024-09-01
740,Overdraft Alerts,2025-03-21
327,Get Paid Early,2024-10-04
308,Get Paid Early,2024-10-04
830,Get Paid Early,2024-10-19
24,Round Up,2024-10-12
664,Get Paid Early,2024-11-17
694,Auto Save,2024-08-14
953,Auto Save,2025-02-21
529,Auto Save,2025-07-20
566,Auto Save,2025-01-11
339,Overdraft Alerts,2025-06-17
982,Overdraft Alerts,2024-08-16
238,Overdraft Alerts,2025-05-30
645,Auto Save,2025-05-05
191,Overdraft Alerts,2025-01-11
406,Get Paid Early,2025-01-22
756,Auto Save,2025-07-09
461,Overdraft Alerts,2025-08-01
399,Get Paid Early,2025-03-26
722,Auto Save,2025-05-22
211,Round Up,2024-09-03
771,Get Paid Early,2024-09-16
592,Get Paid Early,2024-10-14
819,Auto Save,2025-07-31
375,Round Up,2025-02-24
202,Overdraft Alerts,2025-02-25
117,Round Up,2024-08-14
687,Overdraft Alerts,2025-07-25
541,Round Up,2024-10-05
612,Overdraft Alerts,2025-03-24
626,Overdraft Alerts,2025-06-16
602,Get Paid Early,2025-03-08
357,Round Up,2025-04-06
866,Overdraft Alerts,2024-12-06
633,Auto Save,2025-01-16
834,Round Up,2025-07-30
941,Get Paid Early,2025-02-09
689,Auto Save,2025-03-29
321,Get Paid Early,2024-10-09
245,Round Up,2025-02-26
120,Auto Save,2025-06-01
383,Auto Save,2024-11-11
524,Overdraft Alerts,2025-05-15
429,Auto Save,2024-12-14
589,Overdraft Alerts,2025-04-17
434,Auto Save,2025-05-04
499,Auto Save,2025-01-19
569,Auto Save,2025-01-07
502,Round Up,2025-08-04
144,Auto Save,2024-09-22
323,Overdraft Alerts,2024-09-10
635,Get Paid Early,2025-01-30
887,Round Up,2025-07-12
975,Get Paid Early,2025-05-04
497,Auto Save,2025-01-28
200,Overdraft Alerts,2024-12-22
987,Overdraft Alerts,2025-05-21
419,Overdraft Alerts,2025-05-09
426,Overdraft Alerts,2025-08-03
501,Auto Save,2025-03-30
85,Get Paid Early,2024-12-01
815,Auto Save,2024-09-01
300,Get Paid Early,2025-06-23
282,Auto Save,2025-04-06
551,Round Up,2025-01-27
173,Overdraft Alerts,2025-05-14
580,Overdraft Alerts,2025-02-10
563,Get Paid Early,2024-12-24
587,Get Paid Early,2025-02-11
275,Round Up,2024-09-22
556,Get Paid Early,2024-12-15
779,Overdraft Alerts,2024-12-22
560,Auto Save,2025-03-26
436,Get Paid Early,2024-12-28
754,Auto Save,2025-06-20
305,Get Paid Early,2025-02-07
461,Round Up,2025-05-04
357,Get Paid Early,2025-01-26
450,Get Paid Early,2025-03-15
795,Auto Save,2025-02-01
215,Round Up,2024-08-16
882,Overdraft Alerts,2024-10-09
170,Auto Save,2024-12-21
804,Auto Save,2024-09-05
834,Auto Save,2025-05-21
825,Get Paid Early,2025-07-19
584,Round Up,2024-08-22
546,Round Up,2025-02-03
612,Auto Save,2025-06-26
332,Round Up,2024-09-17
297,Round Up,2025-07-28
976,Get Paid Early,2025-06-09
139,Overdraft Alerts,2025-07-01
941,Get Paid Early,2025-01-12
284,Auto Save,2025-03-19
719,Auto Save,2024-09-18
256,Auto Save,2025-06-19
729,Round Up,2025-07-12
849,Auto Save,2024-09-17
780,Overdraft Alerts,2024-11-15
502,Auto Save,2025-06-10
592,Round Up,2024-12-23
643,Overdraft Alerts,2024-10-24
385,Overdraft Alerts,2024-09-06
78,Get Paid Early,2024-08-09
413,Round Up,2025-04-05
712,Round Up,2025-06-26
466,Overdraft Alerts,2024-08-31
336,Get Paid Early,2024-11-05
890,Get Paid Early,2025-04-24
749,Overdraft Alerts,2024-10-16
651,Round Up,2025-03-29
871,Get Paid Early,2024-10-25
815,Overdraft Alerts,2025-04-20
224,Overdraft Alerts,2024-11-14
845,Auto Save,2024-08-15
507,Round Up,2025-06-22
331,Round Up,2024-12-07
346,Auto Save,2024-09-15
580,Overdraft Alerts,2025-05-17
808,Round Up,2025-06-05
916,Get Paid Early,2025-01-18
48,Get Paid Early,2024-11-12
642,Overdraft Alerts,2025-04-20
17,Get Paid Early,2024-11-08
952,Auto Save,2025-03-09
452,Overdraft Alerts,2025-05-12
1,Overdraft Alerts,2025-05-19
208,Auto Save,2025-02-23
904,Round Up,2025-02-20
163,Round Up,2024-09-12
96,Round Up,2025-04-16
257,Get Paid Early,2025-01-05
381,Auto Save,2024-12-06
54,Overdraft Alerts,2024-12-03
641,Round Up,2024-10-15
744,Auto Save,2025-05-19
440,Get Paid Early,2024-08-30
721,Get Paid Early,2025-03-24
2,Auto Save,2024-08-23
489,Get Paid Early,2025-06-13
136,Auto Save,2024-09-01
532,Overdraft Alerts,2025-06-09
10,Get Paid Early,2024-10-08
713,Round Up,2025-07-23
837,Get Paid Early,2025-06-14
881,Overdraft Alerts,2025-07-27
711,Auto Save,2025-01-11
490,Get Paid Early,2025-04-03
235,Overdraft Alerts,2025-05-13
92,Get Paid Early,2024-11-05
106,Round Up,2024-09-17
377,Round Up,2025-01-30
141,Overdraft Alerts,2025-03-28
793,Auto Save,2024-12-23
657,Auto Save,2025-03-15
71,Get Paid Early,2025-07-02
625,Auto Save,2025-02-07
451,Round Up,2025-07-02
740,Auto Save,2025-03-13
644,Auto Save,2024-12-18
942,Overdraft Alerts,2024-09-09
631,Overdraft Alerts,2024-09-23
881,Auto Save,2025-04-13
89,Get Paid Early,2024-10-08
144,Get Paid Early,2025-07-15
604,Overdraft Alerts,2025-06-11
360,Overdraft Alerts,2024-09-02
323,Auto Save,2025-06-26
254,Round Up,2025-07-18
661,Get Paid Early,2025-02-23
255,Round Up,2025-03-04
798,Get Paid Early,2024-10-30
869,Round Up,2025-04-22
211,Auto Save,2024-11-25
766,Overdraft Alerts,2024-11-13
303,Get Paid Early,2025-04-05
803,Auto Save,2024-10-04
507,Overdraft Alerts,2024-09-16
116,Auto Save,2025-01-26
512,Get Paid Early,2024-10-13
541,Get Paid Early,2024-09-25
370,Round Up,2024-11-02
136,Overdraft Alerts,2024-11-09
882,Overdraft Alerts,2025-02-21
375,Auto Save,2024-12-10
782,Overdraft Alerts,2025-02-08
978,Get Paid Early,2025-06-25
18,Get Paid Early,2024-10-29
15,Round Up,2025-02-17
221,Get Paid Early,2024-12-15
945,Get Paid Early,2025-08-01
972,Overdraft Alerts,2024-10-05
519,Round Up,2024-08-09
644,Overdraft Alerts,2024-11-30
434,Overdraft Alerts,2025-02-20
85,Auto Save,2025-08-01
285,Get Paid Early,2025-02-08
318,Get Paid Early,2025-01-01
524,Auto Save,2025-03-08
998,Auto Save,2025-01-03
550,Round Up,2024-09-01
401,Get Paid Early,2025-06-05
318,Overdraft Alerts,2025-02-05
748,Auto Save,2025-01-10
60,Auto Save,2025-04-08
89,Overdraft Alerts,2025-05-05
119,Overdraft Alerts,2025-04-11
627,Get Paid Early,2025-07-22
317,Auto Save,2024-09-10
123,Get Paid Early,2024-09-26
725,Auto Save,2025-05-19
719,Get Paid Early,2025-06-01
168,Overdraft Alerts,2025-01-10
976,Round Up,2024-09-16
536,Round Up,2025-03-25
171,Round Up,2024-11-16
130,Round Up,2025-07-03
751,Get Paid Early,2024-10-21
790,Get Paid Early,2024-11-16
344,Overdraft Alerts,2025-04-15
279,Get Paid Early,2024-09-09
270,Get Paid Early,2025-06-05
509,Overdraft Alerts,2024-09-15
524,Round Up,2024-08-14
57,Overdraft Alerts,2025-05-10
880,Auto Save,2024-09-18
377,Auto Save,2025-02-06
262,Get Paid Early,2025-03-25
916,Get Paid Early,2025-01-15
234,Get Paid Early,2024-08-31
46,Get Paid Early,2025-06-27
251,Get Paid Early,2024-09-19
484,Round Up,2024-09-30
393,Auto Save,2025-07-24
184,Get Paid Early,2024-09-03
567,Overdraft Alerts,2025-01-24
230,Round Up,2025-05-01
255,Overdraft Alerts,2025-06-09
938,Round Up,2024-11-27
278,Get Paid Early,2024-12-15
586,Round Up,2025-04-12
123,Get Paid Early,2025-01-18
184,Auto Save,2025-05-10
824,Get Paid Early,2024-09-15
977,Overdraft Alerts,2025-02-25
71,Overdraft Alerts,2024-09-08
887,Round Up,2024-09-14
793,Round Up,2024-08-26
336,Get Paid Early,2025-06-27
567,Overdraft Alerts,2025-05-21
9,Round Up,2024-12-08
206,Round Up,2025-01-03
578,Round Up,2024-08-19
758,Auto Save,2025-06-10
476,Round Up,2025-06-02
606,Overdraft Alerts,2025-03-17
792,Auto Save,2024-12-17
751,Auto Save,2025-01-02
155,Get Paid Early,2025-07-26
955,Overdraft Alerts,2025-02-02
25,Auto Save,2025-04-26
555,Round Up,2025-04-25
652,Get Paid Early,2025-04-07
974,Round Up,2025-01-09
2,Overdraft Alerts,2025-03-19
870,Round Up,2025-07-04
107,Auto Save,2025-06-23
543,Auto Save,2024-08-29
430,Overdraft Alerts,2024-12-19
985,Get Paid Early,2024-08-28
996,Auto Save,2024-12-10
729,Round Up,2025-06-10
96,Get Paid Early,2025-06-08
944,Auto Save,2025-06-13
919,Overdraft Alerts,2025-06-07
718,Round Up,2025-08-01
470,Get Paid Early,2024-11-29
595,Get Paid Early,2025-05-25
518,Auto Save,2025-05-17
653,Overdraft Alerts,2024-10-01
77,Get Paid Early,2025-02-21
446,Auto Save,2025-02-10
243,Round Up,2025-05-19
268,Round Up,2025-06-18
949,Overdraft Alerts,2025-07-06
718,Round Up,2025-03-21
326,Overdraft Alerts,2025-03-07
279,Auto Save,2024-12-09
77,Auto Save,2025-05-20
140,Get Paid Early,2024-10-11
160,Get Paid Early,2025-03-03
169,Overdraft Alerts,2024-12-21
478,Round Up,2024-10-20
417,Get Paid Early,2025-04-09
549,Round Up,2025-01-14
988,Auto Save,2024-12-05
463,Round Up,2025-06-13
475,Round Up,2024-10-05
873,Get Paid Early,2025-04-20
93,Auto Save,2024-10-03
827,Round Up,2025-03-15
847,Get Paid Early,2025-03-04
221,Round Up,2024-09-22
152,Get Paid Early,2024-09-17
729,Auto Save,2025-05-11
992,Round Up,2024-12-01
406,Get Paid Early,2025-06-23
694,Round Up,2025-05-11
267,Auto Save,2025-06-27
32,Overdraft Alerts,2024-11-28
876,Overdraft Alerts,2024-09-03
570,Auto Save,2024-12-30
97,Overdraft Alerts,2025-06-22
105,Auto Save,2024-12-11
125,Get Paid Early,2024-08-11
64,Auto Save,2025-03-14
134,Auto Save,2025-03-19
844,Overdraft Alerts,2025-02-15
382,Get Paid Early,2025-01-09
597,Round Up,2025-06-14
940,Get Paid Early,2025-06-28
23,Get Paid Early,2025-02-13
203,Overdraft Alerts,2024-11-04
829,Auto Save,2025-01-16
95,Round Up,2024-12-16
126,Get Paid Early,2025-05-18
965,Overdraft Alerts,2024-08-24
52,Auto Save,2024-08-09
947,Overdraft Alerts,2025-05-25
842,Overdraft Alerts,2024-08-30
509,Get Paid Early,2024-12-16
392,Overdraft Alerts,2025-03-03
177,Round Up,2024-10-18
220,Auto Save,2025-02-22
282,Round Up,2025-04-01
457,Auto Save,2024-11-22
36,Auto Save,2025-07-22
663,Round Up,2025-05-28
511,Overdraft Alerts,2024-08-15
904,Overdraft Alerts,2024-12-15
63,Get Paid Early,2025-02-18
287,Overdraft Alerts,2025-05-15
141,Overdraft Alerts,2025-05-08
205,Auto Save,2025-05-27
646,Get Paid Early,2025-01-23
392,Round Up,2024-08-10
492,Overdraft Alerts,2025-06-24
353,Round Up,2025-05-17
398,Round Up,2024-09-29
185,Get Paid Early,2024-08-15
327,Auto Save,2025-07-08
31,Round Up,2025-02-10
60,Overdraft Alerts,2025-07-25
543,Round Up,2025-02-11
786,Auto Save,2025-06-22
998,Auto Save,2024-10-07
103,Auto Save,2025-07-17
673,Auto Save,2024-10-31
273,Get Paid Early,2025-01-05
783,Auto Save,2024-11-25
590,Overdraft Alerts,2025-01-24
364,Auto Save,2025-08-02
181,Auto Save,2024-08-08
607,Round Up,2025-01-14
826,Round Up,2025-02-21
936,Get Paid Early,2025-03-01
721,Round Up,2024-10-04
971,Auto Save,2024-10-26
577,Auto Save,2025-01-27
857,Overdraft Alerts,2024-08-07
556,Round Up,2025-07-22
180,Overdraft Alerts,2025-04-06
39,Get Paid Early,2024-09-12
58,Auto Save,2025-04-16
617,Auto Save,2024-09-28
21,Overdraft Alerts,2025-05-23
1,Round Up,2024-11-18
940,Auto Save,2025-02-10
826,Auto Save,2024-08-15
349,Auto Save,2025-01-22
941,Round Up,2024-09-28
61,Get Paid Early,2025-04-10
152,Auto Save,2024-12-30
793,Get Paid Early,2025-02-23
867,Round Up,2025-04-25
984,Get Paid Early,2025-06-20
383,Overdraft Alerts,2025-02-28
601,Get Paid Early,2024-10-25
345,Round Up,2024-11-13
331,Auto Save,2024-11-25
1000,Auto Save,2024-09-21
750,Overdraft Alerts,2025-07-03
811,Overdraft Alerts,2025-04-14
665,Round Up,2025-02-25
179,Round Up,2025-04-10
229,Auto Save,2024-09-30
388,Round Up,2025-07-25
752,Round Up,2025-04-07
131,Auto Save,2025-04-03
747,Get Paid Early,2024-12-06
972,Overdraft Alerts,2024-12-04
872,Get Paid Early,2025-06-16
187,Round Up,2024-10-21
944,Auto Save,2024-08-30
655,Get Paid Early,2024-08-20
960,Overdraft Alerts,2024-11-08
145,Round Up,2025-02-14
764,Get Paid Early,2025-05-16
244,Round Up,2024-11-19
328,Auto Save,2025-06-23
652,Get Paid Early,2024-09-02
842,Round Up,2025-04-29
458,Get Paid Early,2024-10-15
272,Auto Save,2024-08-30
256,Get Paid Early,2024-09-25
359,Round Up,2024-10-10
806,Get Paid Early,2025-06-05
738,Get Paid Early,2025-07-29
50,Overdraft Alerts,2025-03-09
449,Overdraft Alerts,2024-12-18
993,Auto Save,2025-05-21
906,Overdraft Alerts,2025-02-26
505,Overdraft Alerts,2024-12-03
360,Overdraft Alerts,2025-05-27
104,Overdraft Alerts,2025-01-28
808,Auto Save,2024-08-31
167,Overdraft Alerts,2024-09-05
76,Get Paid Early,2025-04-30
302,Get Paid Early,2024-10-07
327,Round Up,2025-06-15
975,Get Paid Early,2025-02-07
76,Round Up,2024-08-22
175,Overdraft Alerts,2025-04-18
165,Get Paid Early,2025-01-08
561,Get Paid Early,2025-03-08
347,Overdraft Alerts,2025-05-01
722,Get Paid Early,2025-02-13
442,Auto Save,2024-09-11
622,Overdraft Alerts,2024-09-06
161,Get Paid Early,2025-07-27
104,Round Up,2025-05-18
211,Auto Save,2024-10-21
420,Round Up,2025-07-05
677,Round Up,2024-12-14
305,Auto Save,2025-01-29
99,Get Paid Early,2025-04-03
403,Overdraft Alerts,2025-05-05
158,Get Paid Early,2025-01-22
370,Get Paid Early,2024-09-03
438,Get Paid Early,2024-12-13
302,Overdraft Alerts,2024-10-26
205,Get Paid Early,2024-09-10
27,Auto Save,2025-03-12
175,Round Up,2025-03-19
84,Overdraft Alerts,2025-01-16
865,Get Paid Early,2025-08-02
316,Overdraft Alerts,2025-07-31
483,Overdraft Alerts,2025-01-03
917,Round Up,2025-03-16
94,Overdraft Alerts,2025-05-21
190,Round Up,2024-12-18
907,Overdraft Alerts,2024-11-02
379,Auto Save,2024-12-22
457,Get Paid Early,2024-09-04
270,Overdraft Alerts,2024-12-07
477,Round Up,2025-01-26
232,Round Up,2025-01-25
578,Get Paid Early,2025-05-21
155,Get Paid Early,2025-06-12
88,Round Up,2025-01-11
828,Overdraft Alerts,2025-01-14
995,Auto Save,2024-11-22
567,Get Paid Early,2025-01-03
861,Overdraft Alerts,2025-02-24
839,Overdraft Alerts,2025-01-31
989,Overdraft Alerts,2024-12-14
587,Auto Save,2024-08-23
488,Round Up,2025-02-15
81,Overdraft Alerts,2025-05-15
925,Get Paid Early,2025-06-04
515,Auto Save,2025-01-30
124,Overdraft Alerts,2025-04-05
178,Auto Save,2025-06-28
996,Auto Save,2024-10-30
828,Auto Save,2025-06-29
130,Get Paid Early,2024-09-03
434,Get Paid Early,2024-10-13
700,Overdraft Alerts,2024-10-30
207,Auto Save,2025-03-31
855,Round Up,2025-03-27
328,Get Paid Early,2025-08-05
90,Overdraft Alerts,2025-04-06
570,Overdraft Alerts,2025-01-27
566,Round Up,2024-11-21
878,Round Up,2025-04-05
533,Overdraft Alerts,2024-09-16
940,Get Paid Early,2025-03-12
806,Overdraft Alerts,2024-10-20
116,Overdraft Alerts,2025-05-06
154,Auto Save,2024-11-01
581,Get Paid Early,2024-10-22
948,Get Paid Early,2025-01-18
577,Get Paid Early,2024-12-19
805,Round Up,2024-12-14
889,Round Up,2025-02-06
899,Overdraft Alerts,2025-05-25
271,Overdraft Alerts,2025-01-02
671,Overdraft Alerts,2025-01-31
586,Overdraft Alerts,2024-12-30
39,Auto Save,2024-09-28
283,Overdraft Alerts,2025-03-17
148,Overdraft Alerts,2025-08-03
40,Overdraft Alerts,2025-06-02
911,Round Up,2024-12-13
708,Auto Save,2024-11-14
51,Overdraft Alerts,2024-11-06
943,Round Up,2025-06-15
919,Round Up,2025-02-12
21,Round Up,2024-10-07
838,Round Up,2025-05-25
319,Round Up,2025-01-22
864,Overdraft Alerts,2025-04-19
879,Get Paid Early,2024-10-12
996,Auto Save,2024-12-25
138,Round Up,2024-09-20
998,Overdraft Alerts,2025-03-24
793,Round Up,2024-09-29
276,Overdraft Alerts,2024-12-23
620,Get Paid Early,2024-08-14
193,Overdraft Alerts,2024-08-11
217,Overdraft Alerts,2024-08-31
759,Overdraft Alerts,2025-01-18
778,Round Up,2024-08-12
841,Get Paid Early,2025-06-24
528,Auto Save,2025-02-02
68,Round Up,2024-11-01
727,Overdraft Alerts,2025-06-06
139,Get Paid Early,2025-02-04
178,Auto Save,2025-03-09
897,Auto Save,2024-09-25
858,Get Paid Early,2025-02-06
256,Get Paid Early,2025-02-21
468,Get Paid Early,2025-03-17
941,Round Up,2024-12-09
722,Auto Save,2025-02-18
281,Round Up,2024-09-23
844,Overdraft Alerts,2025-03-06
518,Overdraft Alerts,2025-06-17
651,Get Paid Early,2025-07-19
698,Get Paid Early,2025-07-14
248,Round Up,2024-12-03
501,Overdraft Alerts,2024-09-26
182,Overdraft Alerts,2024-09-26
601,Round Up,2024-09-23
353,Auto Save,2025-03-20
858,Round Up,2024-10-29
767,Get Paid Early,2024-11-14
292,Get Paid Early,2024-08-13
396,Get Paid Early,2025-03-14
167,Auto Save,2025-07-02
878,Auto Save,2024-10-17
663,Auto Save,2025-03-05
694,Auto Save,2024-12-31
276,Overdraft Alerts,2025-05-05
526,Get Paid Early,2025-01-11
886,Get Paid Early,2024-09-24
486,Auto Save,2024-09-15
663,Auto Save,2025-02-02
616,Get Paid Early,2024-09-18
230,Round Up,2024-09-14
623,Round Up,2025-05-04
730,Round Up,2024-08-05
434,Overdraft Alerts,2024-10-06
873,Round Up,2025-03-01
471,Round Up,2024-08-16
224,Overdraft Alerts,2025-01-26
310,Overdraft Alerts,2025-07-17
599,Get Paid Early,2025-07-21
8,Round Up,2025-02-18
575,Round Up,2024-09-16
306,Get Paid Early,2025-01-18
494,Get Paid Early,2025-01-03
345,Round Up,2024-12-25
656,Round Up,2025-05-07
883,Round Up,2025-05-11
268,Round Up,2024-08-31
193,Auto Save,2024-10-14
530,Auto Save,2025-02-07
922,Get Paid Early,2025-04-07
825,Overdraft Alerts,2025-02-10
677,Round Up,2025-03-12
698,Auto Save,2025-02-01
739,Get Paid Early,2025-01-03
672,Overdraft Alerts,2024-08-25
303,Round Up,2025-03-05
929,Overdraft Alerts,2025-05-29
415,Overdraft Alerts,2024-10-07
755,Get Paid Early,2025-01-07
598,Auto Save,2024-11-19
352,Auto Save,2025-03-13
703,Overdraft Alerts,2025-03-20
929,Round Up,2024-10-03
520,Round Up,2024-09-02
866,Auto Save,2025-07-31
861,Auto Save,2025-02-12
301,Get Paid Early,2024-10-20
483,Auto Save,2024-11-17
759,Round Up,2025-04-01
743,Auto Save,2025-03-02
970,Round Up,2024-10-12
671,Get Paid Early,2024-12-07
228,Round Up,2025-03-01
229,Round Up,2025-02-16
431,Round Up,2025-07-12
381,Round Up,2025-02-10
600,Round Up,2024-11-18
475,Get Paid Early,2025-05-14
482,Get Paid Early,2025-07-26
888,Get Paid Early,2025-06-13
484,Auto Save,2025-07-22
513,Get Paid Early,2025-03-14
889,Overdraft Alerts,2025-05-07
543,Round Up,2024-08-22
424,Get Paid Early,2025-01-14
892,Auto Save,2024-11-08
141,Auto Save,2024-10-29
351,Overdraft Alerts,2025-01-01
584,Overdraft Alerts,2024-09-30
147,Round Up,2024-09-25
884,Auto Save,2025-02-08
798,Get Paid Early,2025-06-28
500,Round Up,2025-06-02
647,Auto Save,2024-12-24
321,Get Paid Early,2025-04-25
5,Overdraft Alerts,2024-08-07
281,Auto Save,2024-08-28
780,Auto Save,2025-04-10
591,Auto Save,2025-01-01
502,Get Paid Early,2025-03-18
133,Overdraft Alerts,2024-08-28
649,Overdraft Alerts,2025-02-12
414,Overdraft Alerts,2025-01-21
989,Overdraft Alerts,2025-01-01
393,Get Paid Early,2024-09-30
39,Auto Save,2024-11-04
749,Round Up,2024-09-14
973,Get Paid Early,2025-05-04
914,Round Up,2024-10-30
776,Auto Save,2024-10-22
19,Get Paid Early,2025-06-02
642,Auto Save,2025-04-26
232,Round Up,2025-02-09
320,Auto Save,2025-06-16
106,Overdraft Alerts,2024-12-08
516,Round Up,2025-02-09
172,Get Paid Early,2025-04-29
844,Get Paid Early,2025-05-31
306,Round Up,2025-06-27
467,Round Up,2024-11-07
445,Auto Save,2025-07-20
351,Overdraft Alerts,2025-05-08
368,Auto Save,2025-06-19
169,Overdraft Alerts,2025-01-24
20,Auto Save,2025-06-28
230,Auto Save,2024-11-06
217,Get Paid Early,2024-11-22
604,Auto Save,2025-06-14
127,Round Up,2025-07-28
729,Get Paid Early,2025-03-20
385,Round Up,2025-02-10
790,Get Paid Early,2024-12-07
609,Get Paid Early,2024-11-23
678,Get Paid Early,2024-09-10
670,Get Paid Early,2024-11-27
50,Get Paid Early,2025-06-13
427,Overdraft Alerts,2025-02-03
390,Get Paid Early,2025-06-20
561,Round Up,2025-06-26
486,Auto Save,2025-04-11
211,Get Paid Early,2024-09-22
309,Overdraft Alerts,2024-11-11
678,Get Paid Early,2025-06-21
679,Round Up,2024-09-04
638,Auto Save,2025-01-17
429,Get Paid Early,2025-03-15
524,Get Paid Early,2024-11-15
290,Get Paid Early,2024-08-05
804,Get Paid Early,2025-01-16
510,Auto Save,2025-07-02
624,Auto Save,2025-01-09
797,Round Up,2024-09-29
852,Auto Save,2025-06-26
367,Overdraft Alerts,2025-02-10
303,Auto Save,2024-09-09
41,Overdraft Alerts,2025-06-08
933,Auto Save,2025-07-23
705,Overdraft Alerts,2025-05-09
339,Auto Save,2025-01-23
3,Get Paid Early,2024-08-07
688,Get Paid Early,2024-10-14
929,Get Paid Early,2025-02-10
856,Overdraft Alerts,2025-03-30
153,Get Paid Early,2024-10-26
799,Get Paid Early,2024-12-04
741,Get Paid Early,2025-04-03
927,Round Up,2025-01-04
660,Auto Save,2025-07-03
468,Round Up,2025-03-19
271,Overdraft Alerts,2024-12-27
52,Get Paid Early,2025-06-21
833,Auto Save,2024-09-26
896,Get Paid Early,2024-10-04
873,Round Up,2025-05-12
369,Round Up,2024-10-31
437,Get Paid Early,2025-02-20
98,Get Paid Early,2025-05-28
10,Auto Save,2025-05-10
680,Auto Save,2024-10-19
337,Round Up,2025-05-01
916,Overdraft Alerts,2025-01-14
979,Round Up,2025-04-24
900,Get Paid Early,2025-02-10
382,Round Up,2024-10-28
188,Get Paid Early,2024-11-15
411,Overdraft Alerts,2024-08-20
986,Overdraft Alerts,2024-09-17
279,Overdraft Alerts,2024-12-05
707,Overdraft Alerts,2024-12-01
820,Overdraft Alerts,2024-08-21
665,Auto Save,2024-11-23
116,Auto Save,2025-02-07
713,Get Paid Early,2024-09-12
966,Auto Save,2024-09-20
107,Overdraft Alerts,2024-08-23
934,Overdraft Alerts,2025-07-02
822,Overdraft Alerts,2025-01-27
186,Overdraft Alerts,2025-05-03
798,Round Up,2025-06-06
627,Get Paid Early,2024-08-30
884,Auto Save,2024-12-18
495,Overdraft Alerts,2024-12-09
116,Overdraft Alerts,2025-02-06
452,Get Paid Early,2025-06-04
65,Round Up,2025-06-02
671,Round Up,2025-06-19
13,Auto Save,2024-12-12
979,Round Up,2024-09-08
532,Get Paid Early,2025-04-14
444,Auto Save,2024-11-27
494,Round Up,2024-09-07
680,Overdraft Alerts,2024-09-13
153,Get Paid Early,2025-02-17
12,Auto Save,2025-06-12
518,Overdraft Alerts,2025-06-29
873,Overdraft Alerts,2024-09-01
891,Auto Save,2025-07-22
77,Overdraft Alerts,2024-10-05
329,Auto Save,2025-05-27
339,Round Up,2025-01-07
52,Auto Save,2025-06-21
564,Overdraft Alerts,2024-10-17
413,Auto Save,2025-07-18
81,Overdraft Alerts,2024-08-20
455,Overdraft Alerts,2025-03-17
91,Overdraft Alerts,2025-03-09
458,Round Up,2024-09-19
122,Overdraft Alerts,2024-10-07
764,Get Paid Early,2024-10-07
106,Overdraft Alerts,2025-03-31
423,Get Paid Early,2024-08-30
571,Get Paid Early,2025-01-15
846,Get Paid Early,2025-06-03
811,Round Up,2025-06-05
912,Auto Save,2024-12-19
671,Overdraft Alerts,2025-01-24
974,Round Up,2024-10-20
373,Get Paid Early,2025-07-17
837,Auto Save,2025-06-19
865,Overdraft Alerts,2025-06-13
340,Overdraft Alerts,2024-11-25
734,Round Up,2025-06-16
734,Overdraft Alerts,2025-04-06
117,Get Paid Early,2024-09-15
778,Auto Save,2025-02-11
3,Round Up,2025-02-19
364,Round Up,2025-01-22
561,Round Up,2025-04-28
719,Get Paid Early,2025-03-11
47,Auto Save,2025-05-14
505,Auto Save,2025-01-13
842,Overdraft Alerts,2024-09-18
110,Round Up,2024-12-14
626,Auto Save,2025-04-23
193,Get Paid Early,2025-05-16
953,Overdraft Alerts,2025-06-06
221,Overdraft Alerts,2025-05-03
845,Auto Save,2025-07-27
734,Round Up,2024-12-26
111,Overdraft Alerts,2025-04-12
48,Get Paid Early,2024-10-19
791,Overdraft Alerts,2025-02-10
469,Auto Save,2024-09-07
987,Overdraft Alerts,2025-06-12
5,Get Paid Early,2025-07-27
567,Overdraft Alerts,2024-12-07
859,Overdraft Alerts,2024-11-05
947,Auto Save,2024-12-08
709,Auto Save,2025-02-26
749,Auto Save,2024-08-21
107,Overdraft Alerts,2025-05-08
674,Round Up,2025-04-17
517,Overdraft Alerts,2025-04-02
429,Auto Save,2024-10-20
281,Overdraft Alerts,2024-09-10
987,Round Up,2024-10-17
994,Round Up,2025-04-23
464,Auto Save,2024-10-10
142,Overdraft Alerts,2024-08-09
617,Round Up,2025-07-18
864,Round Up,2024-11-26
729,Auto Save,2024-12-16
206,Auto Save,2024-11-19
640,Round Up,2025-01-25
704,Round Up,2025-02-14
944,Auto Save,2025-04-07
728,Auto Save,2025-03-15
516,Round Up,2025-08-04
728,Get Paid Early,2024-10-25
780,Round Up,2024-09-08
576,Overdraft Alerts,2025-04-23
597,Overdraft Alerts,2025-01-29
691,Round Up,2025-06-27
899,Overdraft Alerts,2024-12-19
828,Get Paid Early,2024-10-23
536,Get Paid Early,2025-06-15
26,Overdraft Alerts,2024-11-29
149,Get Paid Early,2025-01-24
687,Get Paid Early,2024-12-05
205,Round Up,2024-09-19
769,Auto Save,2024-09-21
294,Round Up,2024-08-07
150,Get Paid Early,2024-08-06
708,Round Up,2025-07-24
209,Get Paid Early,2024-09-01
368,Overdraft Alerts,2025-06-11
105,Auto Save,2024-08-27
761,Overdraft Alerts,2025-05-10
244,Round Up,2025-04-07
710,Get Paid Early,2025-04-28
949,Overdraft Alerts,2025-03-23
397,Overdraft Alerts,2024-10-04
980,Round Up,2025-05-07
990,Get Paid Early,2024-08-17
14,Round Up,2025-02-02
208,Overdraft Alerts,2025-06-12
850,Auto Save,2025-07-23
934,Round Up,2025-02-21
774,Auto Save,2025-07-21
795,Auto Save,2024-08-18
302,Overdraft Alerts,2025-02-11
182,Get Paid Early,2025-07-05
192,Auto Save,2025-04-16
753,Get Paid Early,2025-06-23
387,Get Paid Early,2024-11-24
439,Round Up,2024-08-16
570,Round Up,2025-06-19
134,Auto Save,2024-09-09
599,Round Up,2025-06-26
6,Round Up,2025-01-10
478,Auto Save,2025-01-26
41,Auto Save,2024-10-09
951,Round Up,2024-08-31
612,Get Paid Early,2024-09-08
793,Round Up,2024-09-10
503,Round Up,2025-07-30
75,Round Up,2024-10-20
539,Auto Save,2024-10-20
980,Auto Save,2025-07-27
534,Get Paid Early,2024-10-19
806,Auto Save,2025-06-20
426,Overdraft Alerts,2025-05-16
95,Round Up,2025-07-31
227,Auto Save,2025-02-28
680,Round Up,2025-03-17
340,Round Up,2024-09-22
301,Auto Save,2024-10-06
974,Overdraft Alerts,2024-10-16
575,Get Paid Early,2024-11-15
118,Round Up,2024-10-24
457,Auto Save,2024-09-14
927,Auto Save,2025-01-01
982,Get Paid Early,2025-04-06
699,Round Up,2025-07-12
391,Get Paid Early,2025-01-18
396,Round Up,2024-08-22
554,Round Up,2024-12-02
26,Round Up,2025-05-16
527,Overdraft Alerts,2025-07-11
499,Get Paid Early,2024-09-30
304,Auto Save,2025-01-20
329,Get Paid Early,2024-12-01
971,Get Paid Early,2024-10-08
172,Get Paid Early,2024-12-30
642,Get Paid Early,2024-10-17
216,Auto Save,2025-06-03
886,Overdraft Alerts,2025-02-22
856,Get Paid Early,2024-11-02
211,Overdraft Alerts,2025-04-10
663,Get Paid Early,2024-10-03
765,Auto Save,2025-05-16
25,Overdraft Alerts,2025-03-18
735,Round Up,2024-12-29
39,Get Paid Early,2025-04-06
76,Get Paid Early,2025-05-27
183,Round Up,2024-12-30
572,Get Paid Early,2024-08-05
589,Auto Save,2025-03-05
933,Round Up,2025-01-31
418,Overdraft Alerts,2025-07-10
462,Overdraft Alerts,2025-03-06
444,Round Up,2025-01-10
18,Overdraft Alerts,2024-09-11
690,Get Paid Early,2025-05-17
548,Get Paid Early,2025-04-09
657,Get Paid Early,2025-03-08
775,Get Paid Early,2025-06-17
718,Get Paid Early,2025-06-20
367,Get Paid Early,2025-07-06
297,Round Up,2025-06-26
622,Get Paid Early,2025-07-06
289,Overdraft Alerts,2025-05-17
391,Overdraft Alerts,2025-05-27
842,Get Paid Early,2025-07-05
486,Auto Save,2024-12-25
547,Auto Save,2025-06-14
140,Overdraft Alerts,2025-04-23
816,Round Up,2025-06-29
984,Auto Save,2025-01-27
306,Round Up,2025-05-23
981,Get Paid Early,2025-02-14
567,Auto Save,2025-01-18
127,Get Paid Early,2025-06-20
6,Overdraft Alerts,2025-01-03
551,Get Paid Early,2025-07-26
313,Auto Save,2025-06-13
767,Round Up,2025-01-06
217,Overdraft Alerts,2024-10-02
928,Auto Save,2025-08-02
165,Auto Save,2025-04-21
227,Round Up,2025-03-25
199,Get Paid Early,2025-06-13
186,Get Paid Early,2024-11-05
872,Overdraft Alerts,2025-07-21
661,Get Paid Early,2025-08-01
298,Get Paid Early,2025-05-18
257,Get Paid Early,2025-07-14
203,Overdraft Alerts,2025-06-02
975,Round Up,2025-05-01
366,Auto Save,2025-07-16
688,Auto Save,2025-05-25
103,Round Up,2024-09-04
635,Get Paid Early,2024-09-14
922,Auto Save,2025-01-05
326,Overdraft Alerts,2025-02-04
462,Round Up,2024-12-27
632,Round Up,2024-10-21
711,Auto Save,2024-10-27
580,Round Up,2025-04-14
828,Round Up,2024-09-23
982,Overdraft Alerts,2024-10-10
173,Get Paid Early,2024-11-09
321,Auto Save,2025-06-19
805,Auto Save,2025-07-28
730,Overdraft Alerts,2024-09-13
284,Round Up,2025-06-24
138,Round Up,2025-06-21
899,Overdraft Alerts,2024-08-22
474,Overdraft Alerts,2025-05-07
368,Round Up,2024-11-20
499,Get Paid Early,2025-07-23
180,Get Paid Early,2025-02-06
862,Round Up,2025-06-27
880,Auto Save,2025-07-10
913,Auto Save,2024-09-18
270,Get Paid Early,2025-06-04
745,Get Paid Early,2025-02-07
914,Get Paid Early,2025-07-24
870,Get Paid Early,2025-06-26
833,Overdraft Alerts,2025-01-28
788,Auto Save,2024-11-17
929,Get Paid Early,2025-04-13
565,Round Up,2025-01-19
557,Overdraft Alerts,2025-02-16
670,Auto Save,2025-04-27
375,Overdraft Alerts,2024-12-11
229,Round Up,2024-11-17
138,Overdraft Alerts,2024-08-19
514,Get Paid Early,2024-11-10
407,Round Up,2025-06-02
515,Get Paid Early,2025-01-27
679,Auto Save,2025-03-23
869,Auto Save,2024-08-22
776,Auto Save,2025-01-06
457,Auto Save,2025-06-12
184,Auto Save,2024-10-04
754,Overdraft Alerts,2025-05-15
962,Round Up,2025-02-20
42,Auto Save,2025-02-24
780,Overdraft Alerts,2025-01-18
238,Get Paid Early,2025-03-16
271,Round Up,2024-12-13
240,Get Paid Early,2024-09-26
685,Auto Save,2024-11-19
531,Round Up,2025-01-11
398,Overdraft Alerts,2024-11-24
940,Overdraft Alerts,2025-07-15
903,Get Paid Early,2025-05-08
41,Round Up,2025-05-26
106,Round Up,2025-03-22
855,Round Up,2025-03-31
593,Auto Save,2025-06-30
386,Overdraft Alerts,2025-02-09
375,Get Paid Early,2024-11-29
530,Round Up,2024-12-08
386,Auto Save,2025-03-30
529,Overdraft Alerts,2024-08-06
362,Round Up,2024-09-10
499,Overdraft Alerts,2025-07-05
909,Get Paid Early,2024-08-12
514,Auto Save,2025-07-14
451,Auto Save,2025-02-10
236,Get Paid Early,2025-02-02
527,Round Up,2025-05-09
217,Auto Save,2025-07-19
192,Auto Save,2024-12-03
371,Get Paid Early,2025-06-24
677,Auto Save,2024-12-18
425,Round Up,2025-05-02
738,Get Paid Early,2025-06-06
494,Overdraft Alerts,2024-11-12
491,Auto Save,2025-06-28
605,Auto Save,2024-09-15
663,Overdraft Alerts,2025-02-03
23,Auto Save,2025-03-29
45,Auto Save,2025-06-23
588,Auto Save,2025-03-19
138,Get Paid Early,2025-04-30
913,Auto Save,2025-01-08
58,Auto Save,2025-04-21
265,Auto Save,2025-05-10
530,Overdraft Alerts,2024-11-12
614,Get Paid Early,2025-01-27
900,Round Up,2024-10-12
970,Get Paid Early,2024-10-19
222,Overdraft Alerts,2024-08-29
622,Overdraft Alerts,2024-11-08
889,Overdraft Alerts,2024-09-07
175,Auto Save,2024-11-07
851,Overdraft Alerts,2024-09-18
616,Auto Save,2025-03-15
814,Auto Save,2025-04-27
639,Round Up,2025-04-07
172,Round Up,2025-07-13
945,Overdraft Alerts,2025-08-01
611,Get Paid Early,2025-02-12
236,Overdraft Alerts,2025-05-24
395,Auto Save,2025-03-17
112,Get Paid Early,2024-10-27
208,Overdraft Alerts,2025-07-16
847,Auto Save,2025-04-27
621,Get Paid Early,2024-09-23
182,Overdraft Alerts,2025-06-29
924,Get Paid Early,2025-02-27
899,Get Paid Early,2025-07-25
96,Overdraft Alerts,2025-07-30
676,Auto Save,2024-08-26
924,Get Paid Early,2024-12-15
919,Overdraft Alerts,2025-03-18
535,Overdraft Alerts,2024-09-21
380,Get Paid Early,2024-09-05
715,Overdraft Alerts,2025-06-15
235,Overdraft Alerts,2025-08-01
809,Overdraft Alerts,2025-07-03
359,Get Paid Early,2025-02-19
436,Auto Save,2024-09-25
261,Overdraft Alerts,2024-12-30
785,Auto Save,2025-07-05
932,Get Paid Early,2024-08-08
291,Overdraft Alerts,2025-03-07
264,Auto Save,2025-06-04
6,Get Paid Early,2024-08-31
592,Get Paid Early,2025-01-06
533,Get Paid Early,2025-08-05
385,Auto Save,2025-05-08
705,Round Up,2025-03-12
419,Round Up,2025-03-05
110,Auto Save,2025-01-07
437,Round Up,2025-03-26
268,Overdraft Alerts,2025-05-13
579,Round Up,2025-02-13
627,Round Up,2025-07-13
697,Overdraft Alerts,2025-07-20
774,Auto Save,2025-07-24
424,Overdraft Alerts,2025-07-19
184,Round Up,2025-03-05
573,Overdraft Alerts,2024-10-24
260,Round Up,2024-11-14
592,Round Up,2024-12-06
793,Overdraft Alerts,2025-05-05
754,Auto Save,2025-04-28
876,Get Paid Early,2025-02-24
766,Auto Save,2025-01-12
458,Auto Save,2025-02-03
103,Auto Save,2025-03-17
521,Overdraft Alerts,2025-07-06
805,Round Up,2025-05-25
821,Get Paid Early,2025-06-17
165,Overdraft Alerts,2025-04-20
988,Get Paid Early,2024-08-25
824,Get Paid Early,2025-04-25
844,Auto Save,2025-03-17
483,Overdraft Alerts,2025-04-06
91,Get Paid Early,2025-06-09
270,Auto Save,2025-05-11
380,Get Paid Early,2024-12-25
624,Get Paid Early,2025-02-14
742,Overdraft Alerts,2025-02-11
954,Overdraft Alerts,2024-10-16
629,Round Up,2024-10-27
729,Get Paid Early,2025-05-03
969,Auto Save,2025-03-03
656,Overdraft Alerts,2025-04-03
450,Get Paid Early,2024-12-18
207,Round Up,2025-08-04
200,Get Paid Early,2024-08-23
803,Auto Save,2025-02-05
630,Auto Save,2025-06-04
691,Get Paid Early,2025-04-22
369,Auto Save,2024-10-21
671,Get Paid Early,2024-09-15
1000,Auto Save,2025-03-18
89,Round Up,2025-02-03
799,Overdraft Alerts,2024-10-01
362,Overdraft Alerts,2025-07-14
416,Auto Save,2024-09-25
531,Get Paid Early,2024-10-27
755,Get Paid Early,2025-07-03
942,Get Paid Early,2024-10-27
563,Round Up,2025-06-05
744,Round Up,2024-10-16
356,Round Up,2025-02-23
232,Auto Save,2025-03-25
466,Overdraft Alerts,2025-06-18
589,Get Paid Early,2025-01-20
268,Auto Save,2024-10-02
417,Get Paid Early,2025-02-28
573,Get Paid Early,2024-08-26
516,Round Up,2025-01-22
349,Get Paid Early,2024-08-24
823,Round Up,2025-02-27
898,Round Up,2025-01-21
711,Overdraft Alerts,2025-03-23
990,Overdraft Alerts,2024-12-23
577,Overdraft Alerts,2025-04-14
789,Auto Save,2025-06-11
776,Round Up,2024-11-06
985,Overdraft Alerts,2025-01-27
698,Overdraft Alerts,2025-03-27
919,Get Paid Early,2024-11-10
494,Get Paid Early,2025-04-27
265,Get Paid Early,2025-05-13
392,Auto Save,2025-01-06
694,Auto Save,2025-06-15
820,Round Up,2024-09-03
423,Round Up,2025-01-08
529,Get Paid Early,2025-06-11
718,Round Up,2024-08-11
255,Round Up,2025-06-30
96,Overdraft Alerts,2025-04-03
690,Round Up,2024-09-30
78,Auto Save,2025-06-06
488,Round Up,2024-11-24
363,Auto Save,2025-02-18
916,Round Up,2025-03-29
188,Auto Save,2024-12-04
511,Auto Save,2024-09-08
241,Auto Save,2024-08-24
894,Round Up,2025-04-28
212,Auto Save,2025-01-19
208,Auto Save,2025-03-24
857,Round Up,2024-10-12
160,Get Paid Early,2025-05-25
123,Get Paid Early,2024-12-22
693,Overdraft Alerts,2024-09-04
629,Get Paid Early,2025-07-03
783,Get Paid Early,2024-11-24
869,Overdraft Alerts,2024-11-26
381,Round Up,2025-02-09
505,Round Up,2025-05-01
503,Auto Save,2025-03-20
783,Round Up,2024-10-15
408,Auto Save,2025-03-03
769,Auto Save,2024-12-21
56,Overdraft Alerts,2024-09-25
490,Get Paid Early,2025-06-13
515,Round Up,2025-07-24
404,Auto Save,2025-06-22
469,Get Paid Early,2025-08-01
716,Overdraft Alerts,2024-10-29
324,Get Paid Early,2024-11-23
13,Auto Save,2025-06-26
389,Get Paid Early,2025-01-24
334,Round Up,2025-04-30
628,Round Up,2024-09-13
192,Round Up,2024-10-02
243,Round Up,2025-02-14
483,Round Up,2025-03-21
375,Auto Save,2024-09-25
511,Overdraft Alerts,2025-03-07
216,Overdraft Alerts,2025-02-01
718,Round Up,2024-11-10
374,Overdraft Alerts,2024-10-22
287,Overdraft Alerts,2024-09-10
185,Auto Save,2025-05-23
590,Auto Save,2024-10-20
834,Get Paid Early,2024-08-26
739,Round Up,2025-06-12
824,Auto Save,2024-09-22
569,Overdraft Alerts,2025-07-20
877,Overdraft Alerts,2025-07-13
201,Auto Save,2025-07-09
820,Auto Save,2025-05-28
485,Get Paid Early,2025-07-15
181,Overdraft Alerts,2025-07-14
512,Auto Save,2025-01-07
915,Round Up,2025-02-11
805,Overdraft Alerts,2024-10-06
308,Round Up,2025-07-11
576,Get Paid Early,2025-02-15
408,Get Paid Early,2025-04-19
708,Auto Save,2025-01-15
62,Auto Save,2025-04-17
834,Round Up,2025-01-26
488,Get Paid Early,2024-11-29
461,Round Up,2024-10-18
267,Round Up,2025-02-15
369,Round Up,2025-01-07
353,Get Paid Early,2024-12-11
422,Get Paid Early,2025-05-30
360,Auto Save,2024-09-09
591,Auto Save,2025-06-05
800,Round Up,2025-01-27
364,Round Up,2025-06-17
690,Overdraft Alerts,2024-10-27
794,Overdraft Alerts,2025-07-21
911,Get Paid Early,2024-10-29
391,Round Up,2025-03-13
475,Auto Save,2024-09-08
890,Auto Save,2025-01-13
656,Round Up,2025-03-20
432,Overdraft Alerts,2024-12-06
870,Get Paid Early,2024-11-28
82,Auto Save,2024-10-30
352,Auto Save,2025-01-07
322,Round Up,2025-06-26
669,Round Up,2025-04-25
728,Round Up,2024-10-15
620,Overdraft Alerts,2024-11-23
278,Overdraft Alerts,2025-02-18
800,Round Up,2024-12-29
766,Overdraft Alerts,2025-04-05
424,Auto Save,2025-08-01
189,Get Paid Early,2025-04-07
129,Auto Save,2025-02-11
678,Round Up,2025-06-30
964,Get Paid Early,2024-10-08
216,Auto Save,2025-04-28
407,Get Paid Early,2024-12-19
98,Get Paid Early,2025-03-24
960,Overdraft Alerts,2025-04-14
562,Get Paid Early,2024-10-14
27,Overdraft Alerts,2025-05-25
537,Get Paid Early,2025-04-08
107,Round Up,2025-04-18
633,Auto Save,2025-07-12
87,Overdraft Alerts,2025-06-14
317,Auto Save,2025-05-11
254,Round Up,2025-02-27
454,Auto Save,2025-02-27
135,Auto Save,2025-01-16
30,Get Paid Early,2025-04-04
680,Round Up,2025-06-27
882,Round Up,2024-12-06
885,Overdraft Alerts,2025-01-07
479,Round Up,2024-08-14
562,Overdraft Alerts,2025-06-21
139,Auto Save,2025-01-09
606,Overdraft Alerts,2025-04-25
647,Overdraft Alerts,2024-12-29
537,Round Up,2024-08-21
931,Round Up,2025-07-13
494,Auto Save,2025-01-08
825,Get Paid Early,2025-04-03
453,Round Up,2025-01-24
375,Overdraft Alerts,2025-05-05
267,Auto Save,2025-08-01
311,Get Paid Early,2025-07-03
1,Auto Save,2024-12-23
353,Round Up,2024-10-11
481,Get Paid Early,2025-06-29
705,Overdraft Alerts,2025-07-15
970,Overdraft Alerts,2025-07-20
307,Get Paid Early,2025-04-20
785,Overdraft Alerts,2025-07-18
818,Round Up,2025-05-09
612,Auto Save,2025-04-22
816,Get Paid Early,2025-06-03
562,Round Up,2024-09-26
194,Overdraft Alerts,2025-04-27
904,Overdraft Alerts,2024-12-23
405,Auto Save,2024-09-05
168,Overdraft Alerts,2024-12-17
849,Overdraft Alerts,2024-12-30
226,Round Up,2024-11-19
82,Overdraft Alerts,2025-02-11
641,Auto Save,2024-10-15
530,Round Up,2024-11-30
292,Round Up,2025-02-26
423,Auto Save,2025-02-27
874,Get Paid Early,2025-04-19
187,Auto Save,2025-04-02
297,Get Paid Early,2025-01-23
653,Overdraft Alerts,2025-02-01
633,Overdraft Alerts,2025-07-07
279,Overdraft Alerts,2024-09-17
193,Round Up,2025-01-21
20,Auto Save,2025-01-16
51,Get Paid Early,2024-09-05
191,Get Paid Early,2025-01-14
289,Round Up,2025-01-10
129,Overdraft Alerts,2024-08-24
745,Get Paid Early,2024-10-22
239,Get Paid Early,2025-04-24
155,Get Paid Early,2025-01-26
506,Auto Save,2024-12-20
351,Overdraft Alerts,2025-07-06
320,Overdraft Alerts,2025-04-27
381,Overdraft Alerts,2025-06-09
714,Get Paid Early,2024-10-31
339,Get Paid Early,2024-10-29
864,Auto Save,2024-09-28
58,Round Up,2025-01-13
795,Overdraft Alerts,2024-09-23
74,Overdraft Alerts,2024-09-02
186,Auto Save,2024-09-16
918,Round Up,2025-05-19
837,Overdraft Alerts,2025-06-01
849,Get Paid Early,2024-12-14
125,Auto Save,2024-11-14
395,Overdraft Alerts,2025-04-11
254,Get Paid Early,2025-05-23
204,Overdraft Alerts,2024-08-16
753,Get Paid Early,2025-05-03
534,Auto Save,2024-12-28
485,Overdraft Alerts,2025-02-14
698,Round Up,2024-10-08
959,Round Up,2025-04-30
163,Get Paid Early,2025-02-26
763,Get Paid Early,2025-03-31
260,Overdraft Alerts,2025-05-28
654,Round Up,2024-09-06
204,Round Up,2025-06-24
909,Get Paid Early,2025-05-31
885,Auto Save,2024-10-07
997,Get Paid Early,2025-07-01
242,Overdraft Alerts,2025-02-01
333,Get Paid Early,2025-04-12
172,Round Up,2025-04-17
599,Get Paid Early,2025-03-17
406,Auto Save,2024-12-28
10,Get Paid Early,2025-01-11
596,Overdraft Alerts,2024-11-07
705,Auto Save,2025-01-09
381,Get Paid Early,2025-08-02
255,Auto Save,2024-09-05
512,Get Paid Early,2025-01-05
703,Round Up,2025-04-19
954,Get Paid Early,2024-08-26
62,Round Up,2025-07-01
661,Auto Save,2025-03-20
719,Get Paid Early,2025-06-23
129,Overdraft Alerts,2025-05-28
239,Round Up,2025-05-27
572,Round Up,2025-03-13
825,Overdraft Alerts,2024-11-28
751,Auto Save,2024-12-12
22,Overdraft Alerts,2025-02-25
367,Auto Save,2024-12-13
257,Get Paid Early,2025-02-03
497,Overdraft Alerts,2024-09-17
573,Round Up,2025-07-15
556,Overdraft Alerts,2025-07-11
195,Auto Save,2025-07-15
557,Round Up,2025-05-22
332,Overdraft Alerts,2024-12-03
282,Auto Save,2025-02-05
71,Auto Save,2025-03-04
461,Round Up,2024-08-18
840,Round Up,2025-01-16
555,Round Up,2024-09-10
465,Get Paid Early,2025-02-14
795,Overdraft Alerts,2025-05-01
752,Auto Save,2024-12-02
905,Get Paid Early,2025-01-15
635,Round Up,2025-05-09
795,Auto Save,2024-12-19
329,Get Paid Early,2024-12-05
675,Overdraft Alerts,2024-11-22
195,Overdraft Alerts,2024-10-20
785,Auto Save,2024-10-24
628,Round Up,2025-07-31
331,Overdraft Alerts,2025-07-20
657,Round Up,2025-04-09
114,Get Paid Early,2024-11-21
536,Get Paid Early,2025-07-03
45,Auto Save,2025-05-17
183,Get Paid Early,2024-10-15
207,Get Paid Early,2025-05-24
498,Auto Save,2025-05-05
102,Get Paid Early,2025-07-06
585,Overdraft Alerts,2025-01-24
674,Overdraft Alerts,2025-01-19
539,Round Up,2025-01-10
51,Round Up,2024-08-18
227,Get Paid Early,2024-09-17
14,Auto Save,2025-06-28
672,Overdraft Alerts,2025-01-16
951,Get Paid Early,2024-09-05
480,Get Paid Early,2025-06-03
370,Overdraft Alerts,2025-04-28
842,Round Up,2025-07-11
814,Get Paid Early,2024-12-26
